PUBUKPRN,KISCOURSEID,KISMODE
10000571,BA-MT,1
10000571,BA-MTGIM,1
10000571,BA-MTGIM-SW,1
10000571,BA-MT-SW,1
10000712,BA_AAM,1
10000712,BA_BMG,1
10000712,BA_EVE,1
10000712,BA_HTI,1
10000712,BA_ITB,1
10000712,BSCCON,1
10000712,BSCFAC,1
10000712,BSCHSCS,1
10000712,FDGPCO,1
10001143,PHTDGNURCHI,1
10001282,21FAHE-N-AHE1,1
10001282,21FCES-N-CES1,1
10001282,21FODP-N-ODP1,1
10001282,21FPCL-N-PCY1,1
10001282,21FPCR-N-PCY3CMG,1
10001282,21FPGY-N-PGY1,1
10001282,21FPUT-N-PUT1,1
10001282,21FSCK-N-SCK1,1
10001282,21SACI-N-ACI1,1
10001282,21SARI-N-ARI1,1
10001282,21SATF-N-ATF1,1
10001282,21SAUO-N-AUO1,1
10001282,21SAUV-N-AUV1,1
10001282,21SBAA-N-BAA1,1
10001282,21SBCH-N-BCH1,1
10001282,21SBCP-N-BCP1,1
10001282,21SBMR-N-BMR2MRN,1
10001282,21SBNB-N-BNB1,1
10001282,21SBRM-N-BRM1,1
10001282,21SCIZ-N-CIZ1,1
10001282,21SCMS-N-CMS1,1
10001282,21SCMT-N-CMT1,1
10001282,21SDEF-N-DEF1,1
10001282,21SDSC-N-DSC1,1
10001282,21SECF-N-ECF1,1
10001282,21SEHZ-N-EGL2HTR,1
10001282,21SEIC-N-EIC1,1
10001282,21SENA-N-EGL2AST,1
10001282,21SFFA-N-FFA1,1
10001282,21SFNT-N-FNT1,1
10001282,21SFSU-N-FSU1,1
10001282,21SFYF-N-FYF1,1
10001282,21SFYH-N-FYH1,1
10001282,21SFYL-N-FYL1,1
10001282,21SFYM-N-FYM1,1
10001282,21SGBF-N-GBF1,1
10001282,21SGBH-N-GBH1,1
10001282,21SGBK-N-GBK1,1
10001282,21SGBN-N-GBN1,1
10001282,21SGBS-N-GBS1,1
10001282,21SGCO-N-GCO1,1
10001282,21SGEH-N-GEH1,1
10001282,21SGEY-N-GEY1,1
10001282,21SHLC-N-HLC1,1
10001282,21SIAH-N-IAH1,1
10001282,21SIBG-N-IBG1,1
10001282,21SIBI-N-IBG3SNH,1
10001282,21SIBR-N-IBG3FCH,1
10001282,21SITH-N-ITH1,1
10001282,21SLAL-N-LST2EGL,1
10001282,21SLWZ-N-LWZ1,1
10001282,21SMCR-N-MCR1,1
10001282,21SMER-N-MER1,1
10001282,21SMOE-N-MOE1,1
10001282,21SMTG-N-MTG1,1
10001282,21SNCS-N-NCS1,1
10001282,21SPFD-N-PFD1,1
10001282,21SSDY-N-SDY1,1
10001282,21SSET-N-SET1,1
10001282,21SSOA-N-SOA1,1
10001282,21SSXS-N-SXS1,1
10001478,UJEWAC,1
10001478,USACFF,1
10001478,USACTC,1
10001478,USACTF,1
10001478,USAFFF,1
10001478,USBMDB,1
10001478,USBMGF,1
10001478,USBMGT,1
10001478,USBMSP,1
10001478,USBMTF,1
10001478,USCCSF,1
10001478,USCOSC,1
10001478,USCOSF,1
10001478,USCSCF,1
10001478,USCSCI,1
10001478,USCSCS,1
10001478,USCSGF,1
10001478,USCSGT,1
10001478,USDAAS,1
10001478,USDASC,1
10001478,USDASF,1
10001478,USFIAS,1
10001478,USFINE,1
10001478,USGTEC,1
10001478,USGTEF,1
10001478,USHIPO,1
10001478,USIFRM,1
10001478,USIPOL,1
10001478,USJPHI,1
10001478,USLLAW,1
10001478,USMFEF,1
10001478,USPOLS,1
10001478,USSLTY,1
10001883,B230DM,1
10001883,C8X3DM,1
10001883,G400DM,1
10001883,G450DM,1
10001883,G460DM,1
10001883,G530DM,1
10001883,G550DM,1
10001883,G600DM,1
10001883,G624DM,1
10001883,I453DM,1
10001883,Q31TDM,1
10001883,W200DM,1
10001883,W223DM,1
10001883,W224DM,1
10001883,W235DM,1
10001883,W23ADM,1
10001883,W242DM,1
10001883,W342DM,1
10001883,WN25DM,1
10001883,X300DM,1
10001883,X3C8DM,1
10001883,XR41DM,1
10002681,ARCHBFT,1
10002681,BEDES,1
10002681,DESACT,1
10002681,DESCMD,1
10002681,DESFAD,1
10002681,DESHWB,1
10002681,DESIND,1
10002681,DESSJD,1
10002681,DESTXT,1
10002681,FAPPAP,1
10002681,FAPPHO,1
10002681,FAPSEA,1
10002681,SIMGVR,1
10002681,SIMTDM,1
10003270,BJ95,1
10003270,F100,1
10003270,F101,1
10003270,F103,1
10003270,F104,1
10003270,F105,1
10003270,F125,1
10003270,F1F3,1
10003270,F1FH,1
10003270,F1NF,1
10003270,F300,1
10003270,F390,1
10003270,FN11,1
10003270,G1F3,1
10003270,GH56,1
10003270,H201,1
10003270,H202,1
10003270,H401,1
10003270,H600,1
10003270,H604,1
10003270,J5H8,1
10003270,JF52,1
10003270,JFM2,1
10003645,UBSH3PSPN,1
10003645,UBSH3PSPNY,1
10003645,UBSH4PJPANSP,1
10003645,UBSH4PJPANSY,1
10003854,BA009,1
10003854,BA020,1
10003854,BA025,1
10003854,BA026,1
10003854,BA028,1
10003854,BA029,1
10003854,BA030,1
10003854,BA031,1
10003854,BM022,1
10003861,ABASS_C184,1
10003861,ACCOU_A002,1
10003861,BABME_A042,1
10003861,BABMF_A043,1
10003861,BABML_A044,1
10003861,BABUE_A053,1
10003861,BAFAM_A073,1
10003861,BAFLM_A078,1
10003861,BAHOS_B788,1
10003861,BAHPD_B620,1
10003861,BALAD_A098,1
10003861,BAPEO_A112,1
10003861,BBAWF_B632,1
10003861,BFADE_C338,1
10003861,BHBMM_B982,1
10003861,BHBMT_A264,1
10003861,BHEXS_C326,1
10003861,BHIPO_C065,1
10003861,BHSBM_A282,1
10003861,BITMM_B835,1
10003861,BMDEN_A333,1
10003861,BSCNU_A345,1
10003861,BSHBM_A355,1
10003861,BSPJO_B845,1
10003861,BSSCS_A376,1
10003861,BUSST_A386,1
10003861,CBASS_C185,1
10003861,EVMGT_A600,1
10003861,FBASS_C186,1
10003861,HGPLN_A678,1
10003861,INTRS_B697,1
10003861,INTRS_B699,1
10003861,INTRS_B700,1
10003861,INTRS_B702,1
10003861,NBASS_C187,1
10003861,POLTS_B442,1
10003861,POLTS_B741,1
10003861,POLTS_B743,1
10003861,POLTS_B744,1
10003861,PROMT_B450,1
10003861,RBASS_C188,1
10003861,SPEXS_B527,1
10003863,BALTUWWCYF_WKWCYPF,1
10003956,KUZBAACFEON4FF,1
10003956,KUZBAACFEONF,1
10003956,KUZBAACFFVC4FF,1
10003956,KUZBAACFFVCF,1
10003956,KUZBAACFINR4FF,1
10003956,KUZBAACFINRF,1
10003956,KUZBAACFLAW4FF,1
10003956,KUZBAACFLAWF,1
10003956,KUZBAACFMAC4FF,1
10003956,KUZBAACFMACF,1
10003956,KUZBAACFPLI4FF,1
10003956,KUZBAACFPLIF,1
10003956,KUZBAACFPSY4FF,1
10003956,KUZBAACFPSYF,1
10003956,KUZBAACFSCR4FF,1
10003956,KUZBAACFSCRF,1
10003956,KUZBAACFSOC4FF,1
10003956,KUZBAACFSOCF,1
10003956,KUZBAADHADICF,1
10003956,KUZBAADHBMAF,1
10003956,KUZBAADHCFDF,1
10003956,KUZBAADHCOBF,1
10003956,KUZBAADHCRWF,1
10003956,KUZBAADHCSCF,1
10003956,KUZBAADHDMAF,1
10003956,KUZBAADHEACF,1
10003956,KUZBAADHEDAF,1
10003956,KUZBAADHENLF,1
10003956,KUZBAADHEONF,1
10003956,KUZBAADHFVCF,1
10003956,KUZBAADHHUBF,1
10003956,KUZBAADHINFF,1
10003956,KUZBAADHINRF,1
10003956,KUZBAADHLAWF,1
10003956,KUZBAADHMACF,1
10003956,KUZBAADHMATF,1
10003956,KUZBAADHMSTF,1
10003956,KUZBAADHMUSF,1
10003956,KUZBAADHNUTF,1
10003956,KUZBAADHPHEF,1
10003956,KUZBAADHPLIF,1
10003956,KUZBAADHPSYF,1
10003956,KUZBAADHSCRF,1
10003956,KUZBAADHSOCF,1
10003956,KUZBAADHSOPF,1
10003956,KUZBAADHSPHF,1
10003956,KUZBAADHTHOF,1
10003956,KUZBAART4FF,1
10003956,KUZBAARTF,1
10003956,KUZBABMACRM4FF,1
10003956,KUZBABMACRMF,1
10003956,KUZBABMAEON4FF,1
10003956,KUZBABMAEONF,1
10003956,KUZBABMAFVC4FF,1
10003956,KUZBABMAFVCF,1
10003956,KUZBABMAINR4FF,1
10003956,KUZBABMAINRF,1
10003956,KUZBABMALAW4FF,1
10003956,KUZBABMALAWF,1
10003956,KUZBABMASEN4FF,1
10003956,KUZBABMASENF,1
10003956,KUZBABMASOC4FF,1
10003956,KUZBABMASOCF,1
10003956,KUZBACFDMAC4FF,1
10003956,KUZBACFDMACF,1
10003956,KUZBACFDPLI4FF,1
10003956,KUZBACFDPLIF,1
10003956,KUZBACFDPSY4FF,1
10003956,KUZBACFDPSYF,1
10003956,KUZBACFDSCR4FF,1
10003956,KUZBACFDSCRF,1
10003956,KUZBACFDSEN4FF,1
10003956,KUZBACFDSENF,1
10003956,KUZBACHYASCR4FF,1
10003956,KUZBACHYASCRF,1
10003956,KUZBACHYEON4FF,1
10003956,KUZBACHYEONF,1
10003956,KUZBACHYFVC4FF,1
10003956,KUZBACHYFVCF,1
10003956,KUZBACHYINR4FF,1
10003956,KUZBACHYINRF,1
10003956,KUZBACHYLAW4FF,1
10003956,KUZBACHYLAWF,1
10003956,KUZBACHYMAC4FF,1
10003956,KUZBACHYMACF,1
10003956,KUZBACHYPLI4FF,1
10003956,KUZBACHYPLIF,1
10003956,KUZBACHYPSY4FF,1
10003956,KUZBACHYPSYF,1
10003956,KUZBACHYSOC4FF,1
10003956,KUZBACHYSOCF,1
10003956,KUZBACOBCRM4FF,1
10003956,KUZBACOBCRMF,1
10003956,KUZBACOBMAC4FF,1
10003956,KUZBACOBMACF,1
10003956,KUZBACOBPLI4FF,1
10003956,KUZBACOBPLIF,1
10003956,KUZBACOBSCR4FF,1
10003956,KUZBACOBSCRF,1
10003956,KUZBACOBSEN4FF,1
10003956,KUZBACOBSENF,1
10003956,KUZBACONEON4FF,1
10003956,KUZBACONEONF,1
10003956,KUZBACONFVC4FF,1
10003956,KUZBACONFVCF,1
10003956,KUZBACONINR4FF,1
10003956,KUZBACONINRF,1
10003956,KUZBACONLAW4FF,1
10003956,KUZBACONLAWF,1
10003956,KUZBACONMAC4FF,1
10003956,KUZBACONMACF,1
10003956,KUZBACONPLI4FF,1
10003956,KUZBACONPLIF,1
10003956,KUZBACONPSY4FF,1
10003956,KUZBACONPSYF,1
10003956,KUZBACONSCR4FF,1
10003956,KUZBACONSCRF,1
10003956,KUZBACONSOC4FF,1
10003956,KUZBACONSOCF,1
10003956,KUZBACRM4FF,1
10003956,KUZBACRMASCR4FF,1
10003956,KUZBACRMASCRF,1
10003956,KUZBACRMDMA4FF,1
10003956,KUZBACRMDMAF,1
10003956,KUZBACRMEAC4FF,1
10003956,KUZBACRMEACF,1
10003956,KUZBACRMEDA4FF,1
10003956,KUZBACRMEDAF,1
10003956,KUZBACRMENL4FF,1
10003956,KUZBACRMENLF,1
10003956,KUZBACRMEON4FF,1
10003956,KUZBACRMEONF,1
10003956,KUZBACRMFVC4FF,1
10003956,KUZBACRMFVCF,1
10003956,KUZBACRMHUB4FF,1
10003956,KUZBACRMHUBF,1
10003956,KUZBACRMINF4FF,1
10003956,KUZBACRMINFF,1
10003956,KUZBACRMINR4FF,1
10003956,KUZBACRMINRF,1
10003956,KUZBACRMLAW4FF,1
10003956,KUZBACRMLAWF,1
10003956,KUZBACRMMAC4FF,1
10003956,KUZBACRMMACF,1
10003956,KUZBACRMMAT4FF,1
10003956,KUZBACRMMATF,1
10003956,KUZBACRMMST4FF,1
10003956,KUZBACRMMSTF,1
10003956,KUZBACRMMUS4FF,1
10003956,KUZBACRMMUSF,1
10003956,KUZBACRMNUT4FF,1
10003956,KUZBACRMNUTF,1
10003956,KUZBACRMPHE4FF,1
10003956,KUZBACRMPHEF,1
10003956,KUZBACRMPLI4FF,1
10003956,KUZBACRMPLIF,1
10003956,KUZBACRMPSY4FF,1
10003956,KUZBACRMPSYF,1
10003956,KUZBACRMSOC4FF,1
10003956,KUZBACRMSOCF,1
10003956,KUZBACRMSOP4FF,1
10003956,KUZBACRMSOPF,1
10003956,KUZBACRMSPH4FF,1
10003956,KUZBACRMSPHF,1
10003956,KUZBACRMTHO4FF,1
10003956,KUZBACRMTHOF,1
10003956,KUZBACRWCRM4FF,1
10003956,KUZBACRWCRMF,1
10003956,KUZBACRWMAC4FF,1
10003956,KUZBACRWMACF,1
10003956,KUZBACRWPLI4FF,1
10003956,KUZBACRWPLIF,1
10003956,KUZBACRWPSY4FF,1
10003956,KUZBACRWPSYF,1
10003956,KUZBACRWSCR4FF,1
10003956,KUZBACRWSCRF,1
10003956,KUZBACRWSEN4FF,1
10003956,KUZBACRWSENF,1
10003956,KUZBACSCCRM4FF,1
10003956,KUZBACSCCRMF,1
10003956,KUZBACSCMAC4FF,1
10003956,KUZBACSCMACF,1
10003956,KUZBACSCPLI4FF,1
10003956,KUZBACSCPLIF,1
10003956,KUZBACSCSCR4FF,1
10003956,KUZBACSCSCRF,1
10003956,KUZBACSCSEN4FF,1
10003956,KUZBACSCSENF,1
10003956,KUZBADANEON4FF,1
10003956,KUZBADANEONF,1
10003956,KUZBADANFVC4FF,1
10003956,KUZBADANFVCF,1
10003956,KUZBADANINR4FF,1
10003956,KUZBADANINRF,1
10003956,KUZBADANLAW4FF,1
10003956,KUZBADANLAWF,1
10003956,KUZBADANMAC4FF,1
10003956,KUZBADANMACF,1
10003956,KUZBADANPLI4FF,1
10003956,KUZBADANPLIF,1
10003956,KUZBADANPSY4FF,1
10003956,KUZBADANPSYF,1
10003956,KUZBADANSCR4FF,1
10003956,KUZBADANSCRF,1
10003956,KUZBADANSOC4FF,1
10003956,KUZBADANSOCF,1
10003956,KUZBADICAEON4FF,1
10003956,KUZBADICAEONF,1
10003956,KUZBADICAFVC4FF,1
10003956,KUZBADICAFVCF,1
10003956,KUZBADICAINR4FF,1
10003956,KUZBADICAINRF,1
10003956,KUZBADICALAW4FF,1
10003956,KUZBADICALAWF,1
10003956,KUZBADICASEN4FF,1
10003956,KUZBADICASENF,1
10003956,KUZBADICASOC4FF,1
10003956,KUZBADICASOCF,1
10003956,KUZBADMAEON4FF,1
10003956,KUZBADMAEONF,1
10003956,KUZBADMAFVC4FF,1
10003956,KUZBADMAFVCF,1
10003956,KUZBADMAINR4FF,1
10003956,KUZBADMAINRF,1
10003956,KUZBADMALAW4FF,1
10003956,KUZBADMALAWF,1
10003956,KUZBADMASEN4FF,1
10003956,KUZBADMASENF,1
10003956,KUZBADMASOC4FF,1
10003956,KUZBADMASOCF,1
10003956,KUZBAEACASCR4FF,1
10003956,KUZBAEACASCRF,1
10003956,KUZBAEACMAC4FF,1
10003956,KUZBAEACMACF,1
10003956,KUZBAEACPLI4FF,1
10003956,KUZBAEACPLIF,1
10003956,KUZBAEACPSY4FF,1
10003956,KUZBAEACPSYF,1
10003956,KUZBAEACSEN4FF,1
10003956,KUZBAEACSENF,1
10003956,KUZBAEDAFVC4FF,1
10003956,KUZBAEDAFVCF,1
10003956,KUZBAEDAINR4FF,1
10003956,KUZBAEDAINRF,1
10003956,KUZBAEDALAW4FF,1
10003956,KUZBAEDALAWF,1
10003956,KUZBAEDAPSY4FF,1
10003956,KUZBAEDAPSYF,1
10003956,KUZBAEDASEN4FF,1
10003956,KUZBAEDASENF,1
10003956,KUZBAEDASOC4FF,1
10003956,KUZBAEDASOCF,1
10003956,KUZBAELIASCR4FF,1
10003956,KUZBAELIASCRF,1
10003956,KUZBAELIFVC4FF,1
10003956,KUZBAELIFVCF,1
10003956,KUZBAELIINR4FF,1
10003956,KUZBAELIINRF,1
10003956,KUZBAELILAW4FF,1
10003956,KUZBAELILAWF,1
10003956,KUZBAELIMAC4FF,1
10003956,KUZBAELIMACF,1
10003956,KUZBAELIPLI4FF,1
10003956,KUZBAELIPLIF,1
10003956,KUZBAELIPSY4FF,1
10003956,KUZBAELIPSYF,1
10003956,KUZBAELISOC4FF,1
10003956,KUZBAELISOCF,1
10003956,KUZBAENLASCR4FF,1
10003956,KUZBAENLASCRF,1
10003956,KUZBAENLMAC4FF,1
10003956,KUZBAENLMACF,1
10003956,KUZBAENLPLI4FF,1
10003956,KUZBAENLPLIF,1
10003956,KUZBAENLPSY4FF,1
10003956,KUZBAENLPSYF,1
10003956,KUZBAENLSEN4FF,1
10003956,KUZBAENLSENF,1
10003956,KUZBAEONEDA4FF,1
10003956,KUZBAEONEDAF,1
10003956,KUZBAEONELI4FF,1
10003956,KUZBAEONELIF,1
10003956,KUZBAEONGEO4FF,1
10003956,KUZBAEONGEOF,1
10003956,KUZBAEONHIS4FF,1
10003956,KUZBAEONHISF,1
10003956,KUZBAEONHUB4FF,1
10003956,KUZBAEONHUBF,1
10003956,KUZBAEONHUG4FF,1
10003956,KUZBAEONHUGF,1
10003956,KUZBAEONHWB4FF,1
10003956,KUZBAEONHWBF,1
10003956,KUZBAEONMAC4FF,1
10003956,KUZBAEONMACF,1
10003956,KUZBAEONMAR4FF,1
10003956,KUZBAEONMARF,1
10003956,KUZBAEONMUP4FF,1
10003956,KUZBAEONMUPF,1
10003956,KUZBAEONPHE4FF,1
10003956,KUZBAEONPHEF,1
10003956,KUZBAEONPLI4FF,1
10003956,KUZBAEONPLIF,1
10003956,KUZBAEONPSY4FF,1
10003956,KUZBAEONPSYF,1
10003956,KUZBAEONRSS4FF,1
10003956,KUZBAEONRSSF,1
10003956,KUZBAEONSCR4FF,1
10003956,KUZBAEONSCRF,1
10003956,KUZBAEONSEN4FF,1
10003956,KUZBAEONSENF,1
10003956,KUZBAEONSES4FF,1
10003956,KUZBAEONSESF,1
10003956,KUZBAEONSOP4FF,1
10003956,KUZBAEONSOPF,1
10003956,KUZBAEONTOR4FF,1
10003956,KUZBAEONTORF,1
10003956,KUZBAFTP4FF,1
10003956,KUZBAFTPF,1
10003956,KUZBAFVCGEO4FF,1
10003956,KUZBAFVCGEOF,1
10003956,KUZBAFVCHIS4FF,1
10003956,KUZBAFVCHISF,1
10003956,KUZBAFVCHUB4FF,1
10003956,KUZBAFVCHUBF,1
10003956,KUZBAFVCHUG4FF,1
10003956,KUZBAFVCHUGF,1
10003956,KUZBAFVCHWB4FF,1
10003956,KUZBAFVCHWBF,1
10003956,KUZBAFVCMAC4FF,1
10003956,KUZBAFVCMACF,1
10003956,KUZBAFVCMAR4FF,1
10003956,KUZBAFVCMARF,1
10003956,KUZBAFVCMUP4FF,1
10003956,KUZBAFVCMUPF,1
10003956,KUZBAFVCPHE4FF,1
10003956,KUZBAFVCPHEF,1
10003956,KUZBAFVCPLI4FF,1
10003956,KUZBAFVCPLIF,1
10003956,KUZBAFVCPSY4FF,1
10003956,KUZBAFVCPSYF,1
10003956,KUZBAFVCRSS4FF,1
10003956,KUZBAFVCRSSF,1
10003956,KUZBAFVCSCR4FF,1
10003956,KUZBAFVCSCRF,1
10003956,KUZBAFVCSEN4FF,1
10003956,KUZBAFVCSENF,1
10003956,KUZBAFVCSES4FF,1
10003956,KUZBAFVCSESF,1
10003956,KUZBAFVCSOP4FF,1
10003956,KUZBAFVCSOPF,1
10003956,KUZBAFVCTOR4FF,1
10003956,KUZBAFVCTORF,1
10003956,KUZBAGEOINR4FF,1
10003956,KUZBAGEOINRF,1
10003956,KUZBAGEOLAW4FF,1
10003956,KUZBAGEOLAWF,1
10003956,KUZBAGEOMAC4FF,1
10003956,KUZBAGEOMACF,1
10003956,KUZBAGEOPLI4FF,1
10003956,KUZBAGEOPLIF,1
10003956,KUZBAGEOSCR4FF,1
10003956,KUZBAGEOSCRF,1
10003956,KUZBAGEOSOC4FF,1
10003956,KUZBAGEOSOCF,1
10003956,KUZBAHISASCR4FF,1
10003956,KUZBAHISASCRF,1
10003956,KUZBAHISINR4FF,1
10003956,KUZBAHISINRF,1
10003956,KUZBAHISLAW4FF,1
10003956,KUZBAHISLAWF,1
10003956,KUZBAHISMAC4FF,1
10003956,KUZBAHISMACF,1
10003956,KUZBAHISPLI4FF,1
10003956,KUZBAHISPLIF,1
10003956,KUZBAHISPSY4FF,1
10003956,KUZBAHISPSYF,1
10003956,KUZBAHISSOC4FF,1
10003956,KUZBAHISSOCF,1
10003956,KUZBAHUBINR4FF,1
10003956,KUZBAHUBINRF,1
10003956,KUZBAHUBLAW4FF,1
10003956,KUZBAHUBLAWF,1
10003956,KUZBAHUBSEN4FF,1
10003956,KUZBAHUBSENF,1
10003956,KUZBAHUBSOC4FF,1
10003956,KUZBAHUBSOCF,1
10003956,KUZBAHUGINR4FF,1
10003956,KUZBAHUGINRF,1
10003956,KUZBAHUGLAW4FF,1
10003956,KUZBAHUGLAWF,1
10003956,KUZBAHUGMAC4FF,1
10003956,KUZBAHUGMACF,1
10003956,KUZBAHUGPLI4FF,1
10003956,KUZBAHUGPLIF,1
10003956,KUZBAHUGPSY4FF,1
10003956,KUZBAHUGPSYF,1
10003956,KUZBAHUGSCR4FF,1
10003956,KUZBAHUGSCRF,1
10003956,KUZBAHUGSOC4FF,1
10003956,KUZBAHUGSOCF,1
10003956,KUZBAHWBASCR4FF,1
10003956,KUZBAHWBASCRF,1
10003956,KUZBAHWBINR4FF,1
10003956,KUZBAHWBINRF,1
10003956,KUZBAHWBLAW4FF,1
10003956,KUZBAHWBLAWF,1
10003956,KUZBAHWBMAC4FF,1
10003956,KUZBAHWBMACF,1
10003956,KUZBAHWBPLI4FF,1
10003956,KUZBAHWBPLIF,1
10003956,KUZBAHWBPSY4FF,1
10003956,KUZBAHWBPSYF,1
10003956,KUZBAHWBSOC4FF,1
10003956,KUZBAHWBSOCF,1
10003956,KUZBAINFMAC4FF,1
10003956,KUZBAINFMACF,1
10003956,KUZBAINFPLI4FF,1
10003956,KUZBAINFPLIF,1
10003956,KUZBAINFSCR4FF,1
10003956,KUZBAINFSCRF,1
10003956,KUZBAINFSEN4FF,1
10003956,KUZBAINFSENF,1
10003956,KUZBAINRMAC4FF,1
10003956,KUZBAINRMACF,1
10003956,KUZBAINRMAR4FF,1
10003956,KUZBAINRMARF,1
10003956,KUZBAINRMUP4FF,1
10003956,KUZBAINRMUPF,1
10003956,KUZBAINRPHE4FF,1
10003956,KUZBAINRPHEF,1
10003956,KUZBAINRPSY4FF,1
10003956,KUZBAINRPSYF,1
10003956,KUZBAINRRSS4FF,1
10003956,KUZBAINRRSSF,1
10003956,KUZBAINRSCR4FF,1
10003956,KUZBAINRSCRF,1
10003956,KUZBAINRSEN4FF,1
10003956,KUZBAINRSENF,1
10003956,KUZBAINRSES4FF,1
10003956,KUZBAINRSESF,1
10003956,KUZBAINRSOP4FF,1
10003956,KUZBAINRSOPF,1
10003956,KUZBAINRTOR4FF,1
10003956,KUZBAINRTORF,1
10003956,KUZBALAWASCR4FF,1
10003956,KUZBALAWASCRF,1
10003956,KUZBALAWMAC4FF,1
10003956,KUZBALAWMACF,1
10003956,KUZBALAWMAR4FF,1
10003956,KUZBALAWMARF,1
10003956,KUZBALAWMUP4FF,1
10003956,KUZBALAWMUPF,1
10003956,KUZBALAWPHE4FF,1
10003956,KUZBALAWPHEF,1
10003956,KUZBALAWPLI4FF,1
10003956,KUZBALAWPLIF,1
10003956,KUZBALAWPSY4FF,1
10003956,KUZBALAWPSYF,1
10003956,KUZBALAWRSS4FF,1
10003956,KUZBALAWRSSF,1
10003956,KUZBALAWSEN4FF,1
10003956,KUZBALAWSENF,1
10003956,KUZBALAWSES4FF,1
10003956,KUZBALAWSESF,1
10003956,KUZBALAWSOP4FF,1
10003956,KUZBALAWSOPF,1
10003956,KUZBALAWTOR4FF,1
10003956,KUZBALAWTORF,1
10003956,KUZBAMACMST4FF,1
10003956,KUZBAMACMSTF,1
10003956,KUZBAMACMUP4FF,1
10003956,KUZBAMACMUPF,1
10003956,KUZBAMACMUS4FF,1
10003956,KUZBAMACMUSF,1
10003956,KUZBAMACNUT4FF,1
10003956,KUZBAMACNUTF,1
10003956,KUZBAMACRSS4FF,1
10003956,KUZBAMACRSSF,1
10003956,KUZBAMACSEN4FF,1
10003956,KUZBAMACSENF,1
10003956,KUZBAMACSES4FF,1
10003956,KUZBAMACSESF,1
10003956,KUZBAMACSOC4FF,1
10003956,KUZBAMACSOCF,1
10003956,KUZBAMACSPH4FF,1
10003956,KUZBAMACSPHF,1
10003956,KUZBAMACTHO4FF,1
10003956,KUZBAMACTHOF,1
10003956,KUZBAMACTOR4FF,1
10003956,KUZBAMACTORF,1
10003956,KUZBAMARMAC4FF,1
10003956,KUZBAMARMACF,1
10003956,KUZBAMARPLI4FF,1
10003956,KUZBAMARPLIF,1
10003956,KUZBAMARPSY4FF,1
10003956,KUZBAMARPSYF,1
10003956,KUZBAMARSCR4FF,1
10003956,KUZBAMARSCRF,1
10003956,KUZBAMARSOC4FF,1
10003956,KUZBAMARSOCF,1
10003956,KUZBAMATMAC4FF,1
10003956,KUZBAMATMACF,1
10003956,KUZBAMATPLI4FF,1
10003956,KUZBAMATPLIF,1
10003956,KUZBAMATSCR4FF,1
10003956,KUZBAMATSCRF,1
10003956,KUZBAMATSEN4FF,1
10003956,KUZBAMATSENF,1
10003956,KUZBAMSTPLI4FF,1
10003956,KUZBAMSTPLIF,1
10003956,KUZBAMSTPSY4FF,1
10003956,KUZBAMSTPSYF,1
10003956,KUZBAMSTSCR4FF,1
10003956,KUZBAMSTSCRF,1
10003956,KUZBAMSTSEN4FF,1
10003956,KUZBAMSTSENF,1
10003956,KUZBAMUPPLI4FF,1
10003956,KUZBAMUPPLIF,1
10003956,KUZBAMUPPSYF,1
10003956,KUZBAMUPSCR4FF,1
10003956,KUZBAMUPSCRF,1
10003956,KUZBAMUPSOC4FF,1
10003956,KUZBAMUPSOCF,1
10003956,KUZBAMUSPLI4FF,1
10003956,KUZBAMUSPLIF,1
10003956,KUZBAMUSPSY4FF,1
10003956,KUZBAMUSPSYF,1
10003956,KUZBAMUSSCR4FF,1
10003956,KUZBAMUSSCRF,1
10003956,KUZBAMUSSEN4FF,1
10003956,KUZBAMUSSENF,1
10003956,KUZBANUTASCRF,1
10003956,KUZBANUTPLI4FF,1
10003956,KUZBANUTPLIF,1
10003956,KUZBANUTSCR4FF,1
10003956,KUZBANUTSEN4FF,1
10003956,KUZBANUTSENF,1
10003956,KUZBAPHESEN4FF,1
10003956,KUZBAPHESENF,1
10003956,KUZBAPHESOC4FF,1
10003956,KUZBAPHESOCF,1
10003956,KUZBAPIN4FF,1
10003956,KUZBAPINF,1
10003956,KUZBAPLIRSS4FF,1
10003956,KUZBAPLIRSSF,1
10003956,KUZBAPLISEN4FF,1
10003956,KUZBAPLISENF,1
10003956,KUZBAPLISES4FF,1
10003956,KUZBAPLISESF,1
10003956,KUZBAPLISOC4FF,1
10003956,KUZBAPLISOCF,1
10003956,KUZBAPLISPH4FF,1
10003956,KUZBAPLISPHF,1
10003956,KUZBAPLITHO4FF,1
10003956,KUZBAPLITHOF,1
10003956,KUZBAPLITOR4FF,1
10003956,KUZBAPLITORF,1
10003956,KUZBAPSYRSS4FF,1
10003956,KUZBAPSYRSSF,1
10003956,KUZBAPSYSEN4FF,1
10003956,KUZBAPSYSENF,1
10003956,KUZBAPSYSOC4FF,1
10003956,KUZBAPSYSOCF,1
10003956,KUZBAPSYTHO4FF,1
10003956,KUZBAPSYTHOF,1
10003956,KUZBAPSYTOR4FF,1
10003956,KUZBAPSYTORF,1
10003956,KUZBARSSSCR4FF,1
10003956,KUZBARSSSCRF,1
10003956,KUZBARSSSOC4FF,1
10003956,KUZBARSSSOCF,1
10003956,KUZBASCRASEN4FF,1
10003956,KUZBASCRASENF,1
10003956,KUZBASCRASOC4FF,1
10003956,KUZBASCRASOCF,1
10003956,KUZBASCRASPHF,1
10003956,KUZBASCRSES4FF,1
10003956,KUZBASCRSESF,1
10003956,KUZBASCRSPH4FF,1
10003956,KUZBASCRTHO4FF,1
10003956,KUZBASCRTHOF,1
10003956,KUZBASCRTOR4FF,1
10003956,KUZBASCRTORF,1
10003956,KUZBASED4FF,1
10003956,KUZBASENSOC4FF,1
10003956,KUZBASENSOCF,1
10003956,KUZBASENSOP4FF,1
10003956,KUZBASENSOPF,1
10003956,KUZBASENSPH4FF,1
10003956,KUZBASENSPHF,1
10003956,KUZBASENTHO4FF,1
10003956,KUZBASENTHOF,1
10003956,KUZBASOC4FF,1
10003956,KUZBASOCSES4FF,1
10003956,KUZBASOCSESF,1
10003956,KUZBASOCTOR4FF,1
10003956,KUZBASOCTORF,1
10003956,KUZBASOPSOC4FF,1
10003956,KUZBASOPSOCF,1
10003956,KUZBASWKF,1
10003956,KUZBSCCOBPSY4FF,1
10003956,KUZBSCCOBPSYF,1
10003956,KUZBSCCSCPSY4FF,1
10003956,KUZBSCCSCPSYF,1
10003956,KUZBSCGEOPSY4FF,1
10003956,KUZBSCGEOPSYF,1
10003956,KUZBSCINFPSY4FF,1
10003956,KUZBSCINFPSYF,1
10003956,KUZBSCMATPSY4FF,1
10003956,KUZBSCMATPSYF,1
10003956,KUZBSCNUTPSY4FF,1
10003956,KUZBSCNUTPSYF,1
10003956,KUZBSCPSY4FF,1
10003956,KUZBSCPSYSES4FF,1
10003956,KUZBSCPSYSESF,1
10003956,KUZBSCPSYSPH4FF,1
10003956,KUZBSCPSYSPHF,1
10003956,KUZBSCSPS4FF,1
10003956,KUZBSCSPSF,1
10003956,KUZLLBLLB4FF,1
10003956,KUZLLBLLBF,1
10004775,UBAIL4FT,1
10004775,UBAIL4FTDCCUA,1
10004775,UBAIL4FTDPDUA,1
10004775,UBAILLFT,1
10004775,UBAILLFTDCCUA,1
10004775,UBAILLFTDPDUA,1
10004930,BAH-BK,1
10004930,BAH-BMG,1
10004930,BAH-BMX,1
10004930,BAH-BU,1
10004930,BAH-DMK,1
10004930,BAH-FD,1
10004930,BAH-KM,1
10004930,BAH-MEM,1
10004930,BAH-RN,1
10004930,BSCH-KA,1
10004930,BSCH-LH,1
10004930,BSCH-LO,1
10004930,BSCH-NSA,1
10004930,BSCH-SJ,1
10004930,BSCH-SPH,1
10004930,BSCH-XS,1
10005127,CRFTK,1
10005127,FDFTK,1
10005127,GCFTK,1
10005127,MMFTK,1
10005127,PDFTK,1
10005127,PHFTK,1
10005127,TDFTK,1
10005127,XCRFTK,1
10005127,XFDFTK,1
10005127,XGCFTK,1
10005127,XMMFTK,1
10005127,XPDFTK,1
10005127,XPHFTK,1
10005127,XTDFTK,1
10005343,MED-MBCH-S,1
10005500,UBAFTAACD,1
10005545,BM,1
10005545,BMP,1
10005545,BMZ,1
10005545,RE,1
10005545,REP,1
10005545,REZ,1
10005790,10336,1
10005790,11320,1
10005790,11356,1
10005790,11360,1
10005790,11364,1
10005790,11371,1
10005790,11385,1
10005790,11389,1
10005790,11390,1
10005790,11393,1
10005790,11397,1
10005790,11399,1
10005790,11402,1
10005790,11414,1
10005790,11461,1
10005790,11467,1
10005790,11599,1
10005790,11607,1
10005790,11611,1
10005790,11613,1
10005790,11628,1
10005790,11635,1
10005790,11654,1
10005790,11665,1
10005790,11667,1
10005790,11670,1
10005790,11673,1
10005790,11696,1
10005790,11783,1
10005790,11787,1
10005790,11845,1
10005790,11859,1
10005790,11859,2
10005790,11861,1
10005790,11884,1
10005790,12037,1
10005790,12040,1
10005790,12045,1
10005790,12088,1
10005790,12110,1
10005790,12119,1
10005790,12127,1
10005790,12182,1
10005790,13135,1
10005790,13416,1
10005790,13543,1
10005790,13544,1
10005790,13547,1
10005790,13551,1
10005790,13552,1
10005790,13731,1
10005790,13808,1
10005790,13930,1
10005790,14002,1
10005790,14032,1
10005790,14076,1
10005790,14174,1
10005790,14282,1
10005790,14324,1
10005790,14335,1
10005790,14336,2
10005790,14424,1
10006022,XXBABUM01FD,1
10006022,XXBABUM01FF,1
10006022,XXBABUM01FM,1
10006022,XXBABUM01FX,1
10006022,XXBACIN01FX,1
10006022,XXBAEEG01FX,1
10006022,XXBAFMM01FX,1
10006022,XXBAFNA01FX,1
10006022,XXBAFST01FX,1
10006022,XXBAINN01FX,1
10006022,XXBALET01FX,1
10006022,XXBAMEN01FX,1
10006022,XXBAMRB01FX,1
10006022,XXBAPCM01FX,1
10006022,XXBAPFT01FX,1
10006022,XXBAPHO01FX,1
10006022,XXBAPSS01FX,1
10006022,XXBAPSY01FX,1
10006022,XXBAREE01FX,1
10006022,XXBASCH02FX,1
10006022,XXBASEP01FX,1
10006022,XXBASES01FX,1
10006022,XXBASPM01FX,1
10006022,XXBAYDP01FX,1
10006022,XXBAYDP01FX,1
10006022,XXBAYPD01FX,1
10006022,XXBAYPD01FX,1
10006022,XXFDMAR01FX,1
10006022,XXFDNAU01FX,1
10006022,XXHDMAR01FX,1
10006022,XXHDMEL01FX,1
10006022,XXHDNAS01FX,1
10006299,USHR-F-S-F-0013,1
10006427,CAI0FBAH,1
10006427,CAI4FBAH,1
10006427,CAI5FBAH,1
10006427,CAINFBAH,1
10006427,CAU0FBSH,1
10006427,CAU4FBSH,1
10006427,CAU5FBSH,1
10006427,CAUDFBSH,1
10006427,CFA0FBAH,1
10006427,CFA5FBAH,1
10006427,CFR4FBAH,1
10006427,CID0FBSH,1
10006427,CID4FBSH,1
10006427,CID5FBSH,1
10006427,CIDEFBSH,1
10006427,CIN0FBAH,1
10006427,CIN4FBAH,1
10006427,CIN5FBAH,1
10006427,CINTFBAH,1
10006427,CIT0FBAH,1
10006427,CIT4FBAH,1
10006427,CIT5FBAH,1
10006427,CITSFBAH,1
10006427,CPF0FBAH,1
10006427,CPF4FBAH,1
10006427,CPF5FBAH,1
10006427,CPFDFBAH,1
10006427,CVC0FBAH,1
10006427,CVC4FBAH,1
10006427,CVC5FBAH,1
10006427,CVCMFBAH,1
10006427,EFB0FBAH,1
10006427,EFB4FBAH,1
10006427,EFB5FBAH,1
10006427,EFBCFBAH,1
10006427,EFD0FBAH,1
10006427,EFD4FBAH,1
10006427,EFD5FBAH,1
10006427,EFDEFBAH,1
10006427,EFH4FBAH,1
10006427,EFI0FBAH,1
10006427,EFI4FBAH,1
10006427,EFI5FBAH,1
10006427,EFISFBAH,1
10006427,EFP0FBAH,1
10006427,EFP5FBAH,1
10006427,EFPHFBAH,1
10006427,EFT0FBAH,1
10006427,EFT4FBAH,1
10006427,EFT5FBAH,1
10006427,EFTTFBAH,1
10006427,EMH0FBAH,1
10006427,EMH4FBAH,1
10006427,EMH5FBAH,1
10006427,EMHDFBAH,1
10006427,EPF0FBAH,1
10006427,EPF4FBAH,1
10006427,EPF5FBAH,1
10006427,EPFTFBAH,1
10006427,ETE0FBAH,1
10006427,ETE4FBAH,1
10006427,ETE5FBAH,1
10006427,ETEXFBAH,1
10006427,FAM4FBAH,1
10006427,FAN0FBAH,1
10006427,FAN5FBAH,1
10006427,FCC0FBAH,1
10006427,FCC4FBAH,1
10006427,FCC5FBAH,1
10006427,FCCAFBAH,1
10006427,FCG0FBAH,1
10006427,FCG4FBAH,1
10006427,FCG5FBAH,1
10006427,FCGLFBAH,1
10006427,FCO0FBSH,1
10006427,FCO4FBSH,1
10006427,FCO5FBSH,1
10006427,FCOMFBSH,1
10006427,FCS0FBSH,1
10006427,FCS4FBSH,1
10006427,FCS5FBSH,1
10006427,FCSCFBSH,1
10006427,FDL0FBAH,1
10006427,FDL4FBAH,1
10006427,FDL5FBAH,1
10006427,FDLAFBAH,1
10006427,FFA0FBAH,1
10006427,FFA4FBAH,1
10006427,FFA5FBAH,1
10006427,FFARFBAH,1
10006427,FFI0FBAH,1
10006427,FFI5FBAH,1
10006427,FFIPFBAH,1
10006427,FFP4FBAH,1
10006427,FGA0FBAH,1
10006427,FGA4FBAH,1
10006427,FGA5FBAH,1
10006427,FGARFBAH,1
10006427,FGD0FBSH,1
10006427,FGD4FBSH,1
10006427,FGD5FBSH,1
10006427,FGDVFBSH,1
10006427,FGG0FBAH,1
10006427,FGG4FBAH,1
10006427,FGG5FBAH,1
10006427,FGM0FBAH,1
10006427,FGM4FBAH,1
10006427,FGM5FBAH,1
10006427,FGMAFBAH,1
10006427,FGMDFBAH,1
10006427,FGR0FBAH,1
10006427,FGR4FBAH,1
10006427,FGR5FBAH,1
10006427,FIL0FBAH,1
10006427,FIL5FBAH,1
10006427,FILLFBAH,1
10006427,FJS0FBAH,1
10006427,FJS4FBAH,1
10006427,FJS5FBAH,1
10006427,FJSVFBAH,1
10006427,FLL4FBAH,1
10006427,FPG4FBAH,1
10006427,FPH0FBAH,1
10006427,FPH5FBAH,1
10006427,FPHOFBAH,1
10006427,FTV0FBAH,1
10006427,FTV4FBAH,1
10006427,FTV5FBAH,1
10006427,FUE0FBSH,1
10006427,FUE4FBSH,1
10006427,FUE5FBSH,1
10006427,FUEDFBSH,1
10006427,FVA0FBAH,1
10006427,FVA4FBAH,1
10006427,FVA5FBAH,1
10006427,FVARFBAH,1
10006427,FVI0FBAH,1
10006427,FVI4FBAH,1
10006427,FVI5FBAH,1
10006427,FVIEFBAH,1
10006566,ARCDET001E,1
10006566,ARCHFD003E,1
10006566,NUTFOM001E,1
10006566,NUTFOM003E,1
10006566,NUTFPL001E,1
10006566,PUBHEA001R,1
10006566,PUBHEA001W,1
10006840,K0414,1
10007137,UGBADAN,1
10007137,UGBADAPPT,1
10007137,UGBADAWT,1
10007137,UGBAEDPE,1
10007137,UGBAEDSPE,1
10007137,UGBAOADV,1
10007137,UGBMSCIDASC,1
10007137,UGBMSISPTSES,1
10007137,UGBSDANSCI,1
10007137,UGBSSPCO,1
10007137,UGBSSPEXPS,1
10007137,UGBSSPTSESPS,1
10007137,UGMSSPTSTH,1
10007140,UM0048-00,1
10007140,US0630-00,1
10007140,US0630-02,1
10007140,US0634F-00,1
10007140,US0638F-00,1
10007140,US0642F-01,1
10007140,US0662-02,1
10007140,US0662F-02,1
10007140,US0665-00,1
10007140,US0665F-00,1
10007140,US0671-00,1
10007140,US0671F-00,1
10007140,US0675-00,1
10007140,US0675F-00,1
10007140,US0691-00,1
10007140,US0691F-00,1
10007140,US0701-00,1
10007140,US0701F-00,1
10007140,US0705-00,1
10007140,US0707F-00,1
10007140,US0716-00,1
10007140,US0716F-00,1
10007140,US0784-00,1
10007140,US0784F-00,1
10007140,US0785F-00,1
10007140,US0789F-00,1
10007140,US0790-00,1
10007140,US0790F-00,1
10007140,US0800-00,1
10007140,US0800F-00,1
10007140,US0805F-00,1
10007140,US0814-00,1
10007140,US0814F-00,1
10007140,US0815-00,1
10007140,US0815F-00,1
10007140,US0816F-00,1
10007140,US0820F-00,1
10007140,US0867-00,1
10007140,US0867F-00,1
10007140,US0878-00,1
10007140,US0878F-00,1
10007140,US0899F-00,1
10007140,US0926-03,1
10007140,US0927-00,1
10007140,US0937F-00,1
10007140,US1006F-00,1
10007140,US1118-02,1
10007140,US1122-02,1
10007140,US1122-05,1
10007140,US1126-01,1
10007140,US1126F-00,1
10007140,US1166-01,1
10007140,US1166-02,1
10007140,US1166-03,1
10007140,US1166-04,1
10007140,US1166F-01,1
10007140,US1191-00,1
10007140,US1191F-00,1
10007140,US1381-00,1
10007140,US1381F-00,1
10007140,US1389-00,1
10007140,US1389F-00,1
10007140,US1446-00,1
10007140,US1446F-00,1
10007140,US1448-00,1
10007140,US1448F-00,1
10007140,US1454-00,1
10007140,US1458-00,1
10007140,US1462-00,1
10007140,US1462F-00,1
10007141,ENGLICHI,1
10007141,ENGLIFRE,1
10007141,ENGLIGER,1
10007141,ENGLIJAP,1
10007141,ENGLIKOR,1
10007141,ENGLIRUS,1
10007141,ENGLISPA,1
10007141,ENGLLCHI,1
10007141,ENGLLFRE,1
10007141,ENGLLGER,1
10007141,ENGLLJAP,1
10007141,ENGLLKOR,1
10007141,ENGLLRUS,1
10007141,ENGLLSPA,1
10007141,FZFIRE101,1
10007141,FZFIRE102,1
10007141,JMEGLG110,1
10007141,JMELLI100,1
10007141,LCTEMLCHI,1
10007141,LCTEMLFRE,1
10007141,LCTEMLGER,1
10007141,LCTEMLJAP,1
10007141,LCTEMLKOR,1
10007141,LCTEMLRUS,1
10007141,LCTEMLSPA,1
10007141,PWMWRO140,1
10007141,ULASPA110,1
10007141,ULASPACHI,1
10007141,ULASPAJAP,1
10007141,ULASPAKOR,1
10007141,ULASPARUS,1
10007141,ULDFSL110,1
10007141,ULDFSL112,1
10007141,ULEGLG110,1
10007141,ULELCW101,1
10007141,ULELCW110,1
10007141,ULELLI110,1
10007141,ULEMIM100,1
10007141,ULEMOL110,1
10007141,ULEMOL211,1
10007141,ULFIRE110,1
10007141,ULFIRE111,1
10007141,ULFSRM100,1
10007141,ULMOLACHG,1
10007141,ULMOLACHK,1
10007141,ULMOLACHR,1
10007141,ULMOLACHS,1
10007141,ULMOLAFRC,1
10007141,ULMOLAFRG,1
10007141,ULMOLAFRJ,1
10007141,ULMOLAFRK,1
10007141,ULMOLAFRR,1
10007141,ULMOLAFRS,1
10007141,ULMOLAGEK,1
10007141,ULMOLAGER,1
10007141,ULMOLAJAC,1
10007141,ULMOLAJAG,1
10007141,ULMOLAJAK,1
10007141,ULMOLAJAR,1
10007141,ULMOLAJAS,1
10007141,ULMOLAKORR,1
10007141,ULMOLASPG,1
10007141,ULMOLASPK,1
10007141,ULMOLASPR,1
10007141,ULMOLG110,1
10007141,ULMSEN111,1
10007141,ULOGSE100,1
10007141,ULROBO101,1
10007141,ULROBO110,1
10007141,ULTEML110,1
10007141,VSMSEN102,1
10007148,300,1
10007148,4996,1
10007148,7699,1
10007148,7703,1
10007148,7710,1
10007148,8246,1
10007148,8398,1
10007148,8424,1
10007148,8714,1
10007148,8755,1
10007148,8758,1
10007149,UGBEC2AFU01,1
10007149,UGBEC2PFU01,1
10007149,UGBEC2XFU01,1
10007149,UGBMENAFU01,1
10007149,UGBMENPFU01,1
10007149,UGBMENXFU01,1
10007149,UGBMHRAFU01,1
10007149,UGBMHRPFU01,1
10007149,UGBMHRXFU01,1
10007149,UGBMLSAFU01,1
10007149,UGBMLSPFU01,1
10007149,UGBMLSXFU01,1
10007149,UGBMWAAFU01,1
10007149,UGBMWAPFU01,1
10007149,UGBMWAXFU01,1
10007149,UGBMWFAFU01,1
10007149,UGBMWFPFU01,1
10007149,UGBMWFXFU01,1
10007149,UGBMWMAFU01,1
10007149,UGBMWMPFU01,1
10007149,UGBMWMXFU01,1
10007149,UGBUSMAFU01,1
10007149,UGBUSMFFU01,1
10007149,UGBUSMPFU01,1
10007149,UGCOMSAFU01,1
10007149,UGCOMSFFU01,1
10007149,UGCOMSMFU01,1
10007149,UGCOMSPFU01,1
10007149,UGCOMSXFU01,1
10007149,UGCRIMFFU01,1
10007149,UGCRIMXFU01,1
10007149,UGCRLAXFU01,1
10007149,UGCSAIAFU01,1
10007149,UGCSAIFFU01,1
10007149,UGCSAIMFU01,1
10007149,UGCSAIPFU01,1
10007149,UGCSAIXFU01,1
10007149,UGEACSXFU01,1
10007149,UGEAEEFFU02,1
10007149,UGEAEELFU01,1
10007149,UGEAEEMFU01,1
10007149,UGEAEEPFU01,1
10007149,UGEAEEXFU01,1
10007149,UGECO2AFU01,1
10007149,UGECO2PFU01,1
10007149,UGECO2XFU01,1
10007149,UGINTBAFU01,1
10007149,UGINTBPFU01,1
10007149,UGINTBXFU01,1
10007149,UGLABMAFU01,1
10007149,UGLABMXFU01,1
10007149,UGLACRAFU01,1
10007149,UGLACRXFU01,1
10007149,UGMARIXFU01,1
10007149,UGMKMPPFU01,1
10007149,UGMKTMAFU01,1
10007149,UGMKTMXFU01,1
10007149,UGNURAXFU01,1
10007149,UGPCRIFFU01,1
10007149,UGPCRIXFU01,1
10007149,UGPPECXFU01,1
10007149,UGROAIAFU01,1
10007149,UGROAIFFU01,1
10007149,UGROAIMFU01,1
10007149,UGROAIPFU01,1
10007149,UGROAIXFU01,1
10007149,UGZOOLFFU01,1
10007149,UGZOOLXFU01,1
10007150,UACF0001A1BS-F,1
10007150,UACF0001F1BS-F,1
10007150,UACF0001P1BS-F,1
10007150,UACF0001X1BS-F,1
10007150,UACFECO2P1BS-F,1
10007150,UACFECO2X1BS-F,1
10007150,UAHI0001X1BA-F,1
10007150,UARI0001P1BS-F,1
10007150,UARI0001X1BS-F,1
10007150,UASC0001F1BS-F,1
10007150,UASC0001P1BS-F,1
10007150,UASC0001X1BS-F,1
10007150,UBID0001A1BA-F,1
10007150,UBIT0001P2BS-F,1
10007150,UBIT0001X2BS-F,1
10007150,UCAR0001X1BA-F,1
10007150,UCLC0001X1BA-F,1
10007150,UCRI0001X1BA-F,1
10007150,UCRM0001X1BA-F,1
10007150,UCRMCUL2X1BA-F,1
10007150,UCRMQUA3X1BA-F,1
10007150,UCRMSOC2X1BA-F,1
10007150,UCSC0001P1BS-F,1
10007150,UCSC0001X1BS-F,1
10007150,UCYB0001P1BS-F,1
10007150,UCYB0001X1BS-F,1
10007150,UDID0001A1BS-F,1
10007150,UDID0001P1BS-F,1
10007150,UDID0001X1BS-F,1
10007150,UDRMFLM2X1BA-F,1
10007150,UDSC0001F1BS-F,1
10007150,UDSC0001P1BS-F,1
10007150,UDSC0001X1BS-F,1
10007150,UDTH0001X1BA-F,1
10007150,UECM0001X1BS-F,1
10007150,UECO0001A1BS-F,1
10007150,UECO0001X1BS-F,1
10007150,UECODSC3X1BS-F,1
10007150,UECOMGT2X1BA-F,1
10007150,UECOPLT2X1BA-F,1
10007150,UEFL0001A1LB-F,1
10007150,UELL0001X1BA-F,1
10007150,UENLELL2X1BA-F,1
10007150,UEUL0001A1LB-F,1
10007150,UEULGER3A1LB-F,1
10007150,UEULITA3A1LB-F,1
10007150,UEULSPN3A1LB-F,1
10007150,UFEC0001X1BS-F,1
10007150,UFEE0001X1BS-F,1
10007150,UFIV0001A2BS-F,1
10007150,UFIV0001F2BS-F,1
10007150,UFIV0001P2BS-F,1
10007150,UFIV0001X2BS-F,1
10007150,UHISPLT2Z1BA-F,1
10007150,UHUG0001A1BS-F,1
10007150,UHUG0001P2BS-F,1
10007150,UHUG0001X1BS-F,1
10007150,UILS0001A1LB-F,1
10007150,UIRL0001A1BA-F,1
10007150,ULAW0001F1LB-F,1
10007150,ULAW0001S1LB-F,1
10007150,ULAW0001X1LB-F,1
10007150,ULAWACF2X1LB-F,1
10007150,ULAWCRM2X1LB-F,1
10007150,ULAWECO2X1LB-F,1
10007150,ULAWMGT2X1LB-F,1
10007150,ULAWPHI2X1LB-F,1
10007150,ULAWPLT2X1LB-F,1
10007150,ULAWQUA3X1LB-F,1
10007150,ULAWSAN2X1LB-F,1
10007150,ULAWSOC2X1LB-F,1
10007150,ULLA0001X1LB-F,1
10007150,ULLA0001X2LB-F,1
10007150,ULLA0001X3LB-F,1
10007150,ULLA0001X4LB-F,1
10007150,UMBP0001X1BA-F,1
10007150,UMGH0001A1BS-F,1
10007150,UMGH0001P1BS-F,1
10007150,UMGH0001X1BS-F,1
10007150,UMPP0001X1BA-F,1
10007150,UMTH0001F1BS-F,1
10007150,UMTH0001P1BS-F,1
10007150,UMTH0001X1BS-F,1
10007150,UMTHACF2P1BS-F,1
10007150,UMTHACF2X1BS-F,1
10007150,UMTP0001X1BS-F,1
10007150,UPCE0001A1BA-F,1
10007150,UPCP0001X1BS-F,1
10007150,UPHIPLT2X1BA-F,1
10007150,UPIP0001A1BA-F,1
10007150,UPLR0001F1BA-F,1
10007150,UPLR0001X1BA-F,1
10007150,UPLRQUA3X1BA-F,1
10007150,UPNA0001A1BA-F,1
10007150,USEH0001F1BS-F,1
10007150,USEH0001P2BS-F,1
10007150,USEH0001Z1BS-F,1
10007150,USEM0001F1BS-F,1
10007150,USEM0001P1BS-F,1
10007150,USEM0001X1BS-F,1
10007150,USES0001F1BS-F,1
10007150,USES0001P2BS-F,1
10007150,USES0001Z1BS-F,1
10007150,USEZ0001F1BS-F,1
10007150,USEZ0001P1BS-F,1
10007150,USEZ0001X1BS-F,1
10007150,USOC0001X1BA-F,1
10007150,USOCECO2X1BA-F,1
10007150,USOCPLT2X1BA-F,1
10007150,USOCQUA3X1BA-F,1
10007150,USOCSAN2X1BA-F,1
10007150,USTH0001F1BS-F,1
10007150,USTR0001Z1BS-F,1
10007150,USWE0001P2BS-F,1
10007150,USWE0001X2BS-F,1
10007157,A100,1
10007158,91,1
10007158,240,1
10007158,245,1
10007158,256,1
10007158,340,1
10007158,514,1
10007158,615,1
10007158,1093,1
10007158,1118,1
10007159,KIS00021,1
10007160,UCA10F0002U,1
10007160,UCA10F0006U,1
10007160,UCA10F0007D,1
10007160,UCA10S0004U,1
10007160,UCB10F0001U,1
10007160,UCB10F0002U,1
10007160,UCB10S0001U,1
10007160,UCB10S0002U,1
10007160,UCC10F0001U,1
10007160,UCC10F0002U,1
10007160,UCC10S0001U,1
10007160,UCC10S0008U,1
10007160,UCC31F0001U,1
10007160,UCC31S0001U,1
10007160,UCD10F0001U,1
10007160,UCD10F0005U,1
10007160,UCD10F0008U,1
10007160,UCD10F0009U,1
10007160,UCD10S0001U,1
10007160,UCD10S0005U,1
10007160,UCD10S0008U,1
10007160,UCD10S0009U,1
10007160,UCD31F0001U,1
10007160,UCD31S0001U,1
10007160,UCF10F0004U,1
10007160,UCF10F0005U,1
10007160,UCF10F0005U,1
10007160,UCF10S0005U,1
10007160,UCF10S0006U,1
10007160,UCF10S0006U,1
10007160,UFA12F0035U,1
10007160,UFA12F0036U,1
10007160,UFA12S0035U,1
10007160,UFA12S0036U,1
10007160,UFA15F0031U,1
10007160,UFA15S0031U,1
10007160,UFB12F0001U,1
10007160,UFB12F0004U,1
10007160,UFB12S0002U,1
10007160,UFB12S0006U,1
10007160,UFB15F0001U,1
10007160,UFB15S0002U,1
10007160,UFC12F0007U,1
10007160,UFC12F0008U,1
10007160,UFC12S0007U,1
10007160,UFC12S0008U,1
10007160,UFC15F0004U,1
10007160,UFC15S0004U,1
10007160,UFE12F0001U,1
10007160,UFE12F0002U,1
10007160,UFE12S0001U,1
10007160,UFE12S0002U,1
10007160,UFE15F0001U,1
10007160,UFE15S0001U,1
10007160,UFG10F0001U,1
10007160,UFG10S0001U,1
10007160,UFJ12F0003U,1
10007160,UFJ12F0009U,1
10007160,UFJ12F0010U,1
10007160,UFJ12F0011U,1
10007160,UFJ12S0004U,1
10007160,UFJ12S0009U,1
10007160,UFJ12S0010U,1
10007160,UFJ12S0011U,1
10007160,UFJ15F0009U,1
10007160,UFJ15S0009U,1
10007160,UGA10F0012U,1
10007160,UGA10S0013U,1
10007160,UGB10F0007U,1
10007160,UGB10S0008U,1
10007160,UKA10F0003U,1
10007160,UKA10F0009U,1
10007160,UKA10F0014U,1
10007160,UKA10F0027U,1
10007160,UKA10F0030U,1
10007160,UKA10F0034U,1
10007160,UKA10F0035U,1
10007160,UKA10F0036U,1
10007160,UKA10F0037U,1
10007160,UKA10F0038U,1
10007160,UKA10F0039U,1
10007160,UKA10F0043U,1
10007160,UKA10F0044U,1
10007160,UKA10F0045U,1
10007160,UKA10F0046U,1
10007160,UKA10F0047U,1
10007160,UKA10F0048U,1
10007160,UKA10F1025U,1
10007160,UKA10F1030U,1
10007160,UKA10S0001U,1
10007160,UKA10S0003U,1
10007160,UKA10S0009U,1
10007160,UKA10S0027U,1
10007160,UKA10S0030U,1
10007160,UKA10S0034U,1
10007160,UKA10S0035U,1
10007160,UKA10S0036U,1
10007160,UKA10S0037U,1
10007160,UKA10S0038U,1
10007160,UKA10S0039U,1
10007160,UKA10S0043U,1
10007160,UKA10S0044U,1
10007160,UKA10S0045U,1
10007160,UKA10S0046U,1
10007160,UKA10S0047U,1
10007160,UKA10S0048U,1
10007160,UKA10S1025U,1
10007160,UKA10S1030U,1
10007160,UKX10S0001U,1
10007160,UKX10S0002U,1
10007160,ULA22F0001U,1
10007160,ULA22F0010U,1
10007160,ULA22F0011U,1
10007160,ULA22F0012U,1
10007160,ULA22F0013U,1
10007160,ULA22F0014U,1
10007160,ULA22F0015U,1
10007160,ULA22S0001U,1
10007160,ULA22S0010U,1
10007160,ULA22S0011U,1
10007160,ULA22S0012U,1
10007160,ULA22S0013U,1
10007160,ULA22S0014U,1
10007160,ULA22S0015U,1
10007160,ULB10F0001U,1
10007160,ULB10F0002U,1
10007160,ULB10F0006U,1
10007160,ULB10F0021U,1
10007160,ULB10F0022U,1
10007160,ULB10F0023U,1
10007160,ULB10S0001U,1
10007160,ULB10S0002U,1
10007160,ULB10S0006U,1
10007160,ULB10S0021U,1
10007160,ULB10S0022U,1
10007160,ULB10S0023U,1
10007160,ULB17F0001U,1
10007160,ULB17S0001U,1
10007160,ULC10F0001U,1
10007160,ULC10F0004U,1
10007160,ULC10F0005U,1
10007160,ULC10F0006U,1
10007160,ULC10S0001U,1
10007160,ULC10S0004U,1
10007160,ULC10S0012U,1
10007160,ULC10S0013U,1
10007160,ULD10F0001U,1
10007160,ULD10F0002U,1
10007160,ULD10S0001U,1
10007160,ULD10S0002U,1
10007160,ULE10F0001U,1
10007160,ULE10F0015U,1
10007160,ULE10F0016U,1
10007160,ULE10F0018U,1
10007160,ULE10F0019U,1
10007160,ULE10S0002U,1
10007160,ULE10S0015U,1
10007160,ULE10S0016U,1
10007160,ULE10S0018U,1
10007160,ULE10S0019U,1
10007160,UPB13S0051U,1
10007160,UPB13S0054U,1
10007160,UPB13S0055U,1
10007160,UPG13F0001U,1
10007160,UPG13F0021U,1
10007160,UPG13F0022U,1
10007160,UPG13S0001U,1
10007160,UPG13S0002U,1
10007160,UPG13S0003U,1
10007160,UPG13S0021U,1
10007160,UPG13S0022U,1
10007160,URB14F0001U,1
10007160,URB14S0002U,1
10007160,UTA10F0002U,1
10007160,UTA10F0003U,1
10007160,UTA10F0005U,1
10007160,UTA10F0006U,1
10007160,UTA10F0008U,1
10007160,UTA10F0009U,1
10007162,CAMBAFCAF01,1
10007162,CAMBASCUF02,1
10007162,CSMBAARCF01,1
10007162,CSMBAFCHS02,1
10007162,CSMBAFCJS02,1
10007162,CSMBAFCPS02,1
10007162,CSMBAFDKS02,1
10007162,CSMBAFDMS02,1
10007162,CSMBAFDPS02,1
10007162,CSMBAFDRS02,1
10007162,CSMBAFDWS02,1
10007162,CSMBAGCDF01,1
10007162,CSMBAJEDS01,1
10007162,CSMBATEXS01,1
10007162,LCCBAANIF01,1
10007162,LCCBACPHF01,1
10007162,LCCBADCJF01,1
10007162,LCCBAGMDF01,1
10007162,LCCBAPREF01,1
10007162,LCCBASDNF01,1
10007162,LCFBACBAS02,1
10007162,LCFBACDFS01,1
10007162,LCFBACFWS02,1
10007162,LCFBAFCCS01,1
10007162,LCFBAFDDS01,1
10007162,LCFBAFILS02,1
10007162,LCFBAFMBS01,1
10007162,LCFBAFMCS02,1
10007162,LCFBAFPHS01,1
10007162,LCFBAFPRS01,1
10007162,LCFBAFSPS01,1
10007162,LCFBAFVIS01,1
10007162,LCFIMSFGS01,1
10007162,WIMBAPASF01,1
10007165,U09FFARC,1
10007165,U09FFBSM,1
10007165,U09FFCGD,1
10007165,U09FFCSR,1
10007165,U09FFCYF,1
10007165,U09FFDAT,1
10007165,U09FFDIR,1
10007165,U09FFELI,1
10007165,U09FFFTR,1
10007165,U09FFGCA,1
10007165,U09FFGCC,1
10007165,U09FFGCS,1
10007165,U09FFHIS,1
10007165,U09FFINA,1
10007165,U09FFINR,1
10007165,U09FFLAW,1
10007165,U09FFLEL,1
10007165,U09FFLLG,1
10007165,U09FFLLG,1
10007165,U09FFMUS,1
10007165,U09FFPAP,1
10007165,U09FFPOT,1
10007165,U09FFPSY,1
10007165,U09FFSOY,1
10007165,U09FFSTR,1
10007165,U09FUAIB,1
10007165,U09FUANE,1
10007165,U09FUANL,1
10007165,U09FUANQ,1
10007165,U09FUANQ,1
10007165,U09FUARC,1
10007165,U09FUBMK,1
10007165,U09FUBSM,1
10007165,U09FUBTP,1
10007165,U09FUCAE,1
10007165,U09FUCAL,1
10007165,U09FUCAQ,1
10007165,U09FUCAQ,1
10007165,U09FUCGD,1
10007165,U09FUCIB,1
10007165,U09FUCSR,1
10007165,U09FUCYF,1
10007165,U09FUDAT,1
10007165,U09FUDIR,1
10007165,U09FUDMA,1
10007165,U09FUDME,1
10007165,U09FUEHS,1
10007165,U09FUENF,1
10007165,U09FUENS,1
10007165,U09FUFNL,1
10007165,U09FUFNQ,1
10007165,U09FUFTR,1
10007165,U09FUGCA,1
10007165,U09FUGCC,1
10007165,U09FUGCS,1
10007165,U09FUHPO,1
10007165,U09FUIAA,1
10007165,U09FUIAC,1
10007165,U09FUIAF,1
10007165,U09FUIAS,1
10007165,U09FUIMK,1
10007165,U09FUINA,1
10007165,U09FUINR,1
10007165,U09FULAW,1
10007165,U09FULCW,1
10007165,U09FULEL,1
10007165,U09FULIT,1
10007165,U09FULLG,1
10007165,U09FULLG,1
10007165,U09FULNG,1
10007165,U09FULWE,1
10007165,U09FULWF,1
10007165,U09FUMGN,1
10007165,U09FUMHS,1
10007165,U09FUPCH,1
10007165,U09FUPOL,1
10007165,U09FUPPE,1
10007165,U09FUPPH,1
10007165,U09FUPSY,1
10007165,U09FUQNS,1
10007165,U09FUQNS,1
10007165,U09FUSIB,1
10007165,U09FUSNL,1
10007165,U09FUSOC,1
10007165,U09FUSTR,1
10007165,U09FUTOP,1
10007167,UUBACTSIND4~UBACTSIND4,1
10007167,UUBARCSARH3~UBARCSARH3,1
10007167,UUBARCSART3~UBARCSART3,1
10007167,UUBARISARI3~UBARISARI3,1
10007167,UUBARISIND4~UBARISIND4,1
10007167,UUBASTSABD4~UBASTSABD4,1
10007167,UUBASTSAST3~UBASTSAST3,1
10007167,UUBASTSIND4~UBASTSIND4,1
10007167,UUBBSCSBSC3~UBBSCSBSC3,1
10007167,UUBBSCSBSC3~UBBSCSBSC3,1
10007167,UUBBTESBTE3~UBBTESBTE3,1
10007167,UUBCOMAMAT3~UBCOMAMAT3,1
10007167,UUBCOMAMAT4~UBCOMAMAT4,1
10007167,UUBCOMSCOM3~UBCOMSCOM3,1
10007167,UUBCOMSIND4~UBCOMSIND4,1
10007167,UUBCRISCRI3~UBCRISCRI3,1
10007167,UUBCYSSARI3~UBCYSSARI3,1
10007167,UUBCYSSIND4~UBCYSSIND4,1
10007167,UUBECLSECL3~UBECLSECL3,1
10007167,UUBECOAMAT3~UBECOAMAT3,1
10007167,UUBECOAPHI3~UBECOAPHI3,1
10007167,UUBECOAPOL3~UBECOAPOL3,1
10007167,UUBECOSECN3~UBECOSECN3,1
10007167,UUBECOSEMF3~UBECOSEMF3,1
10007167,UUBECOSFIN3~UBECOSFIN3,1
10007167,UUBENGAHOA3~UBENGAHOA3,1
10007167,UUBENGALIN3~UBENGALIN3,1
10007167,UUBENGAPHI3~UBENGAPHI3,1
10007167,UUBENGAPOL3~UBENGAPOL3,1
10007167,UUBGENSGEN3~UBGENSGEN3,1
10007167,UUBHEASNAD3~UBHEASNAD3,1
10007167,UUBHEASNCD3~UBHEASNCD3,1
10007167,UUBHISAECO3~UBHISAECO3,1
10007167,UUBHISAHOA3~UBHISAHOA3,1
10007167,UUBHISAPHI3~UBHISAPHI3,1
10007167,UUBHISSHIS3~UBHISSHIS3,1
10007167,UUBHOLWABD4~UBHOLWABD4,1
10007167,UUBLACSFGA4~UBLACSFGA4,1
10007167,UUBLACSFIA4~UBLACSFIA4,1
10007167,UUBLACSFSA4~UBLACSFSA4,1
10007167,UUBLACSGIA4~UBLACSGIA4,1
10007167,UUBLACSGSA4~UBLACSGSA4,1
10007167,UUBLACSISA4~UBLACSISA4,1
10007167,UUBLAWSCIM3~UBLAWSCIM3,1
10007167,UUBLAWSLAW3~UBLAWSLAW3,1
10007167,UUBLAWSSEN2~UBLAWSSEN2,1
10007167,UUBLCFSLIA4~UBLCFSLIA4,1
10007167,UUBLCGSLIA4~UBLCGSLIA4,1
10007167,UUBLCISLIA4~UBLCISLIA4,1
10007167,UUBLFHAABD4~UBLFHAABD4,1
10007167,UUBLGHAABD4~UBLGHAABD4,1
10007167,UUBLIHAABD4~UBLIHAABD4,1
10007167,UUBLLCALLC3~UBLLCALLC3,1
10007167,UUBLLCSFRE3~UBLLCSFRE3,1
10007167,UUBLLCSGER3~UBLLCSGER3,1
10007167,UUBLLCSITA3~UBLLCSITA3,1
10007167,UUBLSHAABD4~UBLSHAABD4,1
10007167,UUBMAMSIND4~UBMAMSIND4,1
10007167,UUBMANSACT3~UBMANSACT3,1
10007167,UUBMANSAFM3~UBMANSAFM3,1
10007167,UUBMANSMKT3~UBMANSMKT3,1
10007167,UUBMAPAABD4~UBMAPAABD4,1
10007167,UUBMATAFIN3~UBMATAFIN3,1
10007167,UUBMATAPHI3~UBMATAPHI3,1
10007167,UUBMATAPHY3~UBMATAPHY3,1
10007167,UUBMATASTA3~UBMATASTA3,1
10007167,UUBMATSABD4~UBMATSABD4,1
10007167,UUBMATSMAN3~UBMATSMAN3,1
10007167,UUBMATSMAT3~UBMATSMAT3,1
10007167,UUBMCBSMCB3~UBMCBSMCB3,1
10007167,UUBMGTSBMG3~UBMGTSBMG3,1
10007167,UUBMGTSBMI4~UBMGTSBMI4,1
10007167,UUBMGTSBMI4~UBMGTSBMI4,1
10007167,UUBMUSSMUS3~UBMUSSMUS3,1
10007167,UUBPHAWABD4~UBPHAWABD4,1
10007167,UUBPHIALIN3~UBPHIALIN3,1
10007167,UUBPHISPHI3~UBPHISPHI3,1
10007167,UUBPHIWSOC3~UBPHIWSOC3,1
10007167,UUBPHYSABD4~UBPHYSABD4,1
10007167,UUBPHYSFOU4~UBPHYSFOU4,1
10007167,UUBPHYSIND4~UBPHYSIND4,1
10007167,UUBPHYSPHY3~UBPHYSPHY3,1
10007167,UUBPHYWPHI3~UBPHYWPHI3,1
10007167,UUBPLFWABD4~UBPLFWABD4,1
10007167,UUBPLGWABD4~UBPLGWABD4,1
10007167,UUBPLIWABD4~UBPLIWABD4,1
10007167,UUBPLSWABD4~UBPLSWABD4,1
10007167,UUBPOLSGLD3~UBPOLSGLD3,1
10007167,UUBPOLSINT3~UBPOLSINT3,1
10007167,UUBPOLSITR3~UBPOLSITR3,1
10007167,UUBPOLSPOL3~UBPOLSPOL3,1
10007167,UUBPPETPPE3~UBPPETPPE3,1
10007167,UUBPSYSPSY3~UBPSYSPSY3,1
10007167,UUBSOCSCRI3~UBSOCSCRI3,1
10007167,UUBSOCSEDN3~UBSOCSEDN3,1
10007167,UUBTFTSIMD3~UBTFTSIMD3,1
10007167,UUBTPYSABD4~UBTPYSABD4,1
10007167,UUBTPYSIND4~UBTPYSIND4,1
10007167,UUBTPYSTPY3~UBTPYSTPY3,1
10007167,UUMASASABD5~UMASASABD5,1
10007167,UUMASTSIND5~UMASTSIND5,1
10007167,UUMBSCSBSC4~UMBSCSBSC4,1
10007167,UUMBTESBTE4~UMBTESBTE4,1
10007167,UUMCCSSCSS4~UMCCSSCSS4,1
10007167,UUMCCSSIND5~UMCCSSIND5,1
10007167,UUMCOMSAII5~UMCOMSAII5,1
10007167,UUMCOMSAIN4~UMCOMSAIN4,1
10007167,UUMCSSSCSS4~UMCSSSCSS4,1
10007167,UUMCSSSCSS5~UMCSSSCSS5,1
10007167,UUMECLSECL4~UMECLSECL4,1
10007167,UUMGENSGEN4~UMGENSGEN4,1
10007167,UUMHEASNAD4~UMHEASNAD4,1
10007167,UUMHEASNCD4~UMHEASNCD4,1
10007167,UUMMATACOM4~UMMATACOM4,1
10007167,UUMMATACOM5~UMMATACOM5,1
10007167,UUMMATAPHY4~UMMATAPHY4,1
10007167,UUMMATSABD5~UMMATSABD5,1
10007167,UUMMATSMAT4~UMMATSMAT4,1
10007167,UUMMCBSMCB4~UMMCBSMCB4,1
10007167,UUMPHASABD5~UMPHASABD5,1
10007167,UUMPHYSIND5~UMPHYSIND5,1
10007167,UUMPHYWPHI4~UMPHYWPHI4,1
10007167,UUMPSYSPSS4~UMPSYSPSS4,1
10007167,UUMTPASABD5~UMTPASABD5,1
10007167,UUMTPYSIND5~UMTPYSIND5,1
10007167,UUMTPYSTPY4~UMTPYSTPY4,1
10007713,U1BABSDLS,1
10007713,U1BACOMHF,1
10007713,U1BACYPSF,1
10007713,U1BACYPSS,1
10007713,U1BAECECF,1
10007713,U1BAECECS,1
10007713,U1BAELLIF,1
10007713,U1BAELLIS,1
10007713,U1BAENLLF,1
10007713,U1BAJATLS,1
10007713,U1BQLPREF,1
10007713,U1BQUPREF,1
10007713,U1BSNURAS,1
10007713,U1BSNURMS,1
10007713,U1BSOTTHS,1
10007713,U1BSPSCOF,1
10007759,LHSC112AU,1
10007759,LHSC800U,1
10007759,LHSCL83JU,1
10007760,UBAAHLNG_C,2
10007760,UBAANHAR_C,2
10007760,UBAANHAR_C,2
10007760,UBAARCHY_C,2
10007760,UBACLSCS_C,2
10007760,UBACLSDS_C,2
10007760,UBAGLPIR_C,2
10007760,UBAGLPNG_C,2
10007760,UBAHEPRP_C,2
10007760,UBAHESCA_C,2
10007760,UBAHIACR_C,2
10007760,UBAHIART_C,2
10007760,UBAHILNG_C,2
10007760,UBAHISTO_C,2
10007760,UBALNPOL_C,2
10007760,UBAPLPHY_C,2
10007760,UBAPOLTC_C,2
10007760,UBAPOPHI_C,2
10007760,UBAPOPHI_C,2
10007760,UBFAHLNG_C,2
10007760,UBFANHAR_C,2
10007760,UBFANHAR_C,2
10007760,UBFARCHY_C,2
10007760,UBFCLSDS_C,2
10007760,UBFGLPIR_C,2
10007760,UBFGLPNG_C,2
10007760,UBFHEPRP_C,2
10007760,UBFHESCA_C,2
10007760,UBFHESCM_C,2
10007760,UBFHESOC_C,2
10007760,UBFHESPP_C,2
10007760,UBFHIACR_C,2
10007760,UBFHIART_C,2
10007760,UBFHILNG_C,2
10007760,UBFHISTO_C,2
10007760,UBFLNPOL_C,2
10007760,UBFPLPHY_C,2
10007760,UBFPOLTC_C,2
10007760,UBLLAWCL_C,2
10007760,UBLLAWHR_C,2
10007760,UBLLAWLL_C,2
10007760,UBLLAWLP_C,2
10007760,UBLLWBUS_C,2
10007760,UBLLWLNG_C,2
10007760,UBSHESCM_C,2
10007760,UBSHESOC_C,2
10007760,UBSHESPP_C,2
10007760,UUBACWEN_C,1
10007760,UUBAENGL_C,1
10007760,UUBAENLG_C,1
10007760,UUBAENLN_C,1
10007760,UUBALICU_C,1
10007760,UUBALNGN_C,1
10007760,UUBALNGX_C,1
10007760,UUBALNLN_C,1
10007760,UUBALNLX_C,1
10007760,UUBAPSPP_C,1
10007760,UUBASCGY_C,1
10007760,UUBASOCR_C,1
10007760,UUBASOPL_C,1
10007760,UUBATHEN_C,1
10007760,UUBBCULM_C,1
10007760,UUBFACAF_C,1
10007760,UUBFACCG_C,1
10007760,UUBFCULM_C,1
10007760,UUBFCWEN_C,1
10007760,UUBFECSP_C,1
10007760,UUBFENGL_C,1
10007760,UUBFENLG_C,1
10007760,UUBFENLN_C,1
10007760,UUBFFIAC_C,1
10007760,UUBFFINC_C,1
10007760,UUBFLAWL_C,1
10007760,UUBFLICU_C,1
10007760,UUBFLNGN_C,1
10007760,UUBFLNLN_C,1
10007760,UUBFLWBS_C,1
10007760,UUBFLWLG_C,1
10007760,UUBFPSPP_C,1
10007760,UUBFPSYC_C,1
10007760,UUBFSCGY_C,1
10007760,UUBFSOCR_C,1
10007760,UUBFSOPL_C,1
10007760,UUBFTHEN_C,1
10007760,UUBLLAWL_C,1
10007760,UUBLLWBS_C,1
10007760,UUBLLWCL_C,1
10007760,UUBLLWHR_C,1
10007760,UUBLLWLG_C,1
10007760,UUBLLWLP_C,1
10007760,UUBSACAF_C,1
10007760,UUBSACCG_C,1
10007760,UUBSBUPS_C,1
10007760,UUBSCRIM_C,1
10007760,UUBSECSP_C,1
10007760,UUBSFIAC_C,1
10007760,UUBSFINC_C,1
10007760,UUBSGIND_C,1
10007760,UUBSPSYC_C,1
10007762,11ADTECH,1
10007762,11COMPTN,1
10007762,11CSTMGT,1
10007762,11DSFORS,1
10007762,11FDBIOS,1
10007762,11GAMDEV,1
10007762,12IFBRND,1
10007762,12SOCWRK,1
10007762,13BSVENG,1
10007762,14SOFDEV,1
10007768,534,1
10007768,602,1
10007768,607,1
10007768,650,1
10007768,652,1
10007768,654,1
10007768,659,1
10007768,665,1
10007768,666,1
10007768,684,1
10007768,686,1
10007768,719,1
10007768,723,1
10007768,725,1
10007768,813,1
10007768,818,1
10007768,819,1
10007768,848,1
10007768,891,1
10007768,907,1
10007768,960,1
10007768,976,1
10007768,979,1
10007768,981,1
10007768,994,1
10007768,1029,1
10007768,1031,1
10007768,1040,1
10007768,1042,1
10007768,1047,1
10007768,1052,1
10007768,1090,1
10007768,1131,1
10007768,1140,1
10007768,1145,1
10007768,1178,1
10007768,1212,1
10007768,1214,1
10007768,1217,1
10007768,1219,1
10007768,4885,1
10007768,5032,1
10007768,5033,1
10007768,5217,1
10007768,5255,1
10007768,5376,1
10007768,5377,1
10007768,5380,1
10007768,5381,1
10007768,5458,1
10007768,5920,1
10007768,5972,1
10007768,6130,1
10007768,6275,1
10007768,6282,1
10007768,7210,1
10007768,7386,1
10007768,7464,1
10007768,7962,1
10007768,9454,1
10007768,9617,1
10007768,9691,1
10007768,9890,1
10007768,10250,1
10007768,10251,1
10007768,10671,1
10007768,10779,1
10007768,15010,1
10007768,15011,1
10007768,16429,1
10007768,16616,1
10007768,16645,1
10007768,16653,1
10007768,16663,1
10007768,16704,1
10007768,16869,1
10007768,16942,1
10007768,16944,1
10007768,16959,1
10007768,16960,1
10007768,16964,1
10007768,16965,1
10007768,17722,1
10007768,17970,1
10007768,18154,1
10007768,18155,1
10007768,18308,1
10007768,18493,1
10007768,18554,1
10007768,18660,1
10007768,18661,1
10007768,18662,1
10007768,18666,1
10007768,18703,1
10007768,19211,1
10007768,19601,1
10007768,19714,1
10007768,19744,1
10007768,19749,1
10007768,19750,1
10007768,19984,1
10007768,19992,1
10007768,19997,1
10007768,20032,1
10007768,20033,1
10007768,20034,1
10007768,20037,1
10007768,20040,1
10007768,20043,1
10007768,20044,1
10007768,20045,1
10007768,20046,1
10007768,20125,1
10007768,20175,1
10007768,20284,1
10007768,20288,1
10007768,20304,1
10007768,20393,1
10007768,20529,1
10007768,20546,1
10007768,20547,1
10007768,20548,1
10007768,20549,1
10007768,20551,1
10007768,20552,1
10007768,20553,1
10007768,20554,1
10007768,20573,1
10007768,20574,1
10007768,20591,1
10007768,20592,1
10007768,20600,1
10007768,20678,1
10007768,20695,1
10007768,20708,1
10007768,20746,1
10007768,20821,1
10007768,20823,1
10007768,20900,1
10007768,20948,1
10007768,20955,1
10007768,20957,1
10007768,20958,1
10007768,20959,1
10007768,20960,1
10007768,21257,1
10007768,21329,1
10007768,21332,1
10007768,21334,1
10007768,21734,1
10007768,21735,1
10007768,21736,1
10007768,21771,1
10007768,21782,1
10007768,21783,1
10007768,21784,1
10007768,22101,1
10007768,22290,1
10007768,22297,1
10007768,22299,1
10007768,22300,1
10007768,22315,1
10007768,22317,1
10007768,22322,1
10007768,22334,1
10007768,22339,1
10007768,22344,1
10007768,22345,1
10007768,22346,1
10007768,22347,1
10007768,22348,1
10007768,22349,1
10007768,22350,1
10007768,22390,1
10007768,22409,1
10007768,22419,1
10007768,22420,1
10007768,22422,1
10007768,22423,1
10007768,22696,1
10007768,22698,1
10007768,22699,1
10007768,22700,1
10007768,23344,1
10007768,23414,1
10007768,23415,1
10007768,23416,1
10007768,23417,1
10007768,23418,1
10007768,23419,1
10007768,23420,1
10007768,23421,1
10007768,23422,1
10007768,23518,1
10007768,23647,1
10007768,23753,1
10007775,UBMF-QMMEDI1-USMED,1
10007776,L0V0,1
10007776,L100,1
10007776,L110,1
10007776,L202,1
10007776,M900,1
10007776,M901,1
10007776,MC98,1
10007776,ML61,1
10007776,N191,1
10007776,N199,1
10007776,N600,1
10007776,NC60,1
10007776,P300,1
10007779,UBVETMD,1
10007779,UBVETMI,1
10007779,UBVETNR,1
10007779,UBVETVP,1
10007779,UBVETVS,1
10007779,UBVSCWA,1
10007779,UMSCABV,1
10007779,UMSCAVP,1
10007779,UMSCBVP,1
10007779,UMSCBVR,1
10007780,K1_ACCOUNTING-FINANCE,1
10007780,K1_ARABIC,1
10007780,K1_ARABICxH_ART-ARCH_YA,1
10007780,K1_ARABICxLINGUISTICS_YA,1
10007780,K1_ARABICxWORLD_PHIL_YA,1
10007780,K1_CHIN_MODERN-CLASS,1
10007780,K1_CHINESExH_ART-ARCH_YA,1
10007780,K1_CHINESExLINGUISTICS_YA,1
10007780,K1_CHINESExWORLD_PHIL_YA,1
10007780,K1_DEV_STDSxAF_DIASPORA,1
10007780,K1_DEV_STDSxAF_DIASPORA_YA,1
10007780,K1_DEV_STDSxARABIC_YA,1
10007780,K1_DEV_STDSxCHINESE_YA,1
10007780,K1_DEV_STDSxLINGUISTICS,1
10007780,K1_DEV_STDSxWORLD_PHIL,1
10007780,K1_EAST_ASIAN_ST,1
10007780,K1_EAST_ASIAN_STxDEV_STDS,1
10007780,K1_EAST_ASIAN_STxECONOMICS,1
10007780,K1_EAST_ASIAN_STxH_ART,1
10007780,K1_EAST_ASIAN_STxHISTORY,1
10007780,K1_EAST_ASIAN_STxINTER_REL,1
10007780,K1_EAST_ASIAN_STxLAW,1
10007780,K1_EAST_ASIAN_STxLINGUISTICS,1
10007780,K1_EAST_ASIAN_STxMUSIC,1
10007780,K1_EAST_ASIAN_STxPOLITICS,1
10007780,K1_EAST_ASIAN_STxSOCIAL_ANTH,1
10007780,K1_EAST_ASIAN_STxWORLD_PHIL,1
10007780,K1_ECONOMICSxAF_DIASPORA,1
10007780,K1_ECONOMICSxAF_DIASPORA_YA,1
10007780,K1_ECONOMICSxARABIC_YA,1
10007780,K1_ECONOMICSxCHINESE_YA,1
10007780,K1_ECONOMICSxDEVELOP_STDS,1
10007780,K1_H_ART-ARCHxJAPANESE_YA,1
10007780,K1_H_ART-ARCHxKOREAN_YA,1
10007780,K1_H_ART-ARCHxWORLD_PHIL,1
10007780,K1_H_ARTxAF_DIASPORA,1
10007780,K1_H_ARTxAF_DIASPORA_YA,1
10007780,K1_H_ARTxGDEV,1
10007780,K1_H_ARTxINTER_REL,1
10007780,K1_H_ARTxPOLITICS,1
10007780,K1_HISTORY,1
10007780,K1_HISTORYxAF_DIASPORA,1
10007780,K1_HISTORYxAF_DIASPORA_YA,1
10007780,K1_HISTORYxARABIC_YA,1
10007780,K1_HISTORYxCHINESE_YA,1
10007780,K1_HISTORYxDEV_STDS,1
10007780,K1_HISTORYxECONOMICS,1
10007780,K1_HISTORYxH_ART-ARCH,1
10007780,K1_HISTORYxLINGUISTICS,1
10007780,K1_HISTORYxWORLD_PHIL,1
10007780,K1_INTER_RELxAF_DIASPORA,1
10007780,K1_INTER_RELxAF_DIASPORA_YA,1
10007780,K1_INTER_RELxARABIC_YA,1
10007780,K1_INTER_RELxCHINESE_YA,1
10007780,K1_INTER_RELxECON,1
10007780,K1_INTER_RELxHISTORY,1
10007780,K1_INTER_RELxJAPANESE_YA,1
10007780,K1_INTER_RELxKOREAN_YA,1
10007780,K1_INTER_RELxLAW,1
10007780,K1_INTER_RELxMUSIC,1
10007780,K1_INTER_RELxSOCIAL_ANTH,1
10007780,K1_INTER_RELxWORLD_PHIL,1
10007780,K1_INTERNATIONAL_REL,1
10007780,K1_JAPANESExDEV_STDS,1
10007780,K1_JAPANESExECONOMICS_YA,1
10007780,K1_JAPANESExHISTORY_YA,1
10007780,K1_JAPANESExLINGUISTICS_YA,1
10007780,K1_JAPANESExWORLD_PHIL_YA,1
10007780,K1_KOREANxDEV_STDS_YA,1
10007780,K1_KOREANxECONOMICS_YA,1
10007780,K1_KOREANxHISTORY_YA,1
10007780,K1_KOREANxLINGUISTICS_YA,1
10007780,K1_KOREANxWORLD_PHIL_YA,1
10007780,K1_LANGCULTxAF_DIASPORA,1
10007780,K1_LANGCULTxAF_DIASPORA_YA,1
10007780,K1_LANGCULTxARABIC_YA,1
10007780,K1_LANGCULTxDEV_STDS,1
10007780,K1_LANGCULTxDEV_STDS_YA,1
10007780,K1_LANGCULTxHISTORY,1
10007780,K1_LANGCULTxHISTORY_YA,1
10007780,K1_LANGCULTxINTER_REL,1
10007780,K1_LANGCULTxINTER_REL_YA,1
10007780,K1_LANGCULTxLAW,1
10007780,K1_LANGCULTxLAW_YA,1
10007780,K1_LANGCULTxLINGUISTICS,1
10007780,K1_LANGCULTxLINGUISTICS_YA,1
10007780,K1_LANGCULTxPOLITICS,1
10007780,K1_LANGCULTxPOLITICS_YA,1
10007780,K1_LANGCULTxWORLD_PHIL,1
10007780,K1_LANGCULTxWORLD_PHIL_YA,1
10007780,K1_LAW,1
10007780,K1_LAW_SENIOR,1
10007780,K1_LAW_YA,1
10007780,K1_LAWxAF_DIASPORA,1
10007780,K1_LAWxAF_DIASPORA_YA,1
10007780,K1_LAWxARABIC_YA,1
10007780,K1_LAWxCHINESE_YA,1
10007780,K1_LAWxDEV_STDS,1
10007780,K1_LAWxECONOMICS,1
10007780,K1_LAWxHISTORY,1
10007780,K1_LAWxJAPANESE,1
10007780,K1_LAWxKOREAN_YA,1
10007780,K1_LINGUISTICSxPOLITICS,1
10007780,K1_LINGUISTICSxSOCIAL_ANTH,1
10007780,K1_MUSICxAF_DIASPORA,1
10007780,K1_MUSICxAF_DIASPORA_YA,1
10007780,K1_MUSICxARABIC_YA,1
10007780,K1_MUSICxCHINESE_YA,1
10007780,K1_MUSICxDEV_STDS,1
10007780,K1_MUSICxHISTORY,1
10007780,K1_MUSICxJAPANESE_YA,1
10007780,K1_MUSICxKOREAN_YA,1
10007780,K1_MUSICxWORLD_PHIL,1
10007780,K1_POLIT-DEV_STDS,1
10007780,K1_POLITICS,1
10007780,K1_POLITICSxAF_DIASPORA,1
10007780,K1_POLITICSxAF_DIASPORA_YA,1
10007780,K1_POLITICSxARABIC_YA,1
10007780,K1_POLITICSxCHINESE_YA,1
10007780,K1_POLITICSxECONOMICS,1
10007780,K1_POLITICSxHISTORY,1
10007780,K1_POLITICSxJAPANESE_YA,1
10007780,K1_POLITICSxKOREAN_YA,1
10007780,K1_POLITICSxLAW,1
10007780,K1_POLITICSxMUSIC,1
10007780,K1_POLITICSxWORLD_PHIL,1
10007780,K1_SOCIAL_ANTHxAF_DIASPORA,1
10007780,K1_SOCIAL_ANTHxAF_DIASPORA_YA,1
10007780,K1_SOCIAL_ANTHxARABIC_YA,1
10007780,K1_SOCIAL_ANTHxCHINESE_YA,1
10007780,K1_SOCIAL_ANTHxDEV_STDS,1
10007780,K1_SOCIAL_ANTHxHISTORY,1
10007780,K1_SOCIAL_ANTHxJAPANESE_YA,1
10007780,K1_SOCIAL_ANTHxKOREAN_YA,1
10007780,K1_SOCIAL_ANTHxLAW,1
10007780,K1_SOCIAL_ANTHxPOLITICS,1
10007780,K1_SOCIAL_ANTHxWORLD_PHIL,1
10007780,K1_WORLD_PHILOSOPHIES,1
10007780,K1_WORLD_PHILxAF_DIASPORA,1
10007780,K1_WORLD_PHILxAF_DIASPORA_YA,1
10007782,UTBBMS3,1
10007782,UTBHCS,1
10007782,UTBMED5,1
10007782,UTBPHY,1
10007782,UTBPMS3,1
10007782,UTMBMS4,1
10007784,UBAARCLHES22,1
10007784,UBAARLAANT18,1
10007784,UBAARLSABR18,1
10007784,UBAARLSEGY19,1
10007784,UBAARLSING18,1
10007784,UBAARLSPLA18,1
10007784,UBABULACZE18,1
10007784,UBABULADAN18,1
10007784,UBABULADUT18,1
10007784,UBABULAEES18,1
10007784,UBABULAFIN18,1
10007784,UBABULAFRE18,1
10007784,UBABULAGER18,1
10007784,UBABULAHEB18,1
10007784,UBABULAHUN18,1
10007784,UBABULAITA18,1
10007784,UBABULANOR18,1
10007784,UBABULAPOL18,1
10007784,UBABULAPOR18,1
10007784,UBABULAROM18,1
10007784,UBABULARUS18,1
10007784,UBABULASPA18,1
10007784,UBABULASRB18,1
10007784,UBABULASWE18,1
10007784,UBABULAUKR18,1
10007784,UBABULAYID18,1
10007784,UBACLTSING18,1
10007784,UBACREAHUM18,1
10007784,UBACZEADAN18,1
10007784,UBACZEADUT18,1
10007784,UBACZEAEES18,1
10007784,UBACZEAFIN18,1
10007784,UBACZEAFRE18,1
10007784,UBACZEAGER18,1
10007784,UBACZEAHEB18,1
10007784,UBACZEAHUN18,1
10007784,UBACZEAITA18,1
10007784,UBACZEANOR18,1
10007784,UBACZEAPOL18,1
10007784,UBACZEAPOR18,1
10007784,UBACZEAROM18,1
10007784,UBACZEARUS18,1
10007784,UBACZEASPA18,1
10007784,UBACZEASRB18,1
10007784,UBACZEASWE18,1
10007784,UBACZEAUKR18,1
10007784,UBACZEAYID18,1
10007784,UBADANAFIN18,1
10007784,UBADANAHEB18,1
10007784,UBADANAHUN18,1
10007784,UBADANAPOL18,1
10007784,UBADANAROM18,1
10007784,UBADANARUS18,1
10007784,UBADANASRB18,1
10007784,UBADANAUKR18,1
10007784,UBADANAYID18,1
10007784,UBADUTAFIN18,1
10007784,UBADUTAHAR18,1
10007784,UBADUTAHEB18,1
10007784,UBADUTAHUN18,1
10007784,UBADUTAPHI18,1
10007784,UBADUTAPOL18,1
10007784,UBADUTAROM18,1
10007784,UBADUTARUS18,1
10007784,UBADUTASRB18,1
10007784,UBADUTAUKR18,1
10007784,UBADUTAYID18,1
10007784,UBADUTWFLM18,1
10007784,UBAEBSWEEA18,1
10007784,UBAECHSEDU18,1
10007784,UBAEDUACUL18,1
10007784,UBAFINAFRE18,1
10007784,UBAFINAGER18,1
10007784,UBAFINAHEB18,1
10007784,UBAFINAHUN18,1
10007784,UBAFINAITA18,1
10007784,UBAFINANOR18,1
10007784,UBAFINAPOL18,1
10007784,UBAFINAPOR18,1
10007784,UBAFINAROM18,1
10007784,UBAFINARUS18,1
10007784,UBAFINASPA18,1
10007784,UBAFINASRB18,1
10007784,UBAFINASWE18,1
10007784,UBAFINAUKR18,1
10007784,UBAFINAYID18,1
10007784,UBAFINSING05,1
10007784,UBAFREAAAL18,1
10007784,UBAFREAHAR18,1
10007784,UBAFREAHEB18,1
10007784,UBAFREAHUN18,1
10007784,UBAFREAPHI18,1
10007784,UBAFREAPOL18,1
10007784,UBAFREAROM18,1
10007784,UBAFREARUS18,1
10007784,UBAFREASRB18,1
10007784,UBAFREAUKR18,1
10007784,UBAFREAYID18,1
10007784,UBAFREWFLM18,1
10007784,UBAFSHAEES18,1
10007784,UBAGERAHAR18,1
10007784,UBAGERAHEB18,1
10007784,UBAGERAHIS18,1
10007784,UBAGERAHUN18,1
10007784,UBAGERAJEW18,1
10007784,UBAGERAPHI18,1
10007784,UBAGERAPOL18,1
10007784,UBAGERAROM18,1
10007784,UBAGERARUS18,1
10007784,UBAGERASRB18,1
10007784,UBAGERAUKR18,1
10007784,UBAGERAYID18,1
10007784,UBAGERWFLM18,1
10007784,UBAHARSING18,1
10007784,UBAHEBAHUN18,1
10007784,UBAHEBAITA18,1
10007784,UBAHEBAJEW18,1
10007784,UBAHEBAJWA18,1
10007784,UBAHEBANOR18,1
10007784,UBAHEBAPOL18,1
10007784,UBAHEBAROM18,1
10007784,UBAHEBASPA18,1
10007784,UBAHEBASRB18,1
10007784,UBAHEBASWE18,1
10007784,UBAHEBAUKR18,1
10007784,UBAHISSANC18,1
10007784,UBAHISWABR18,1
10007784,UBAHPASING18,1
10007784,UBAHSEAJEW19,1
10007784,UBAHUNAEES18,1
10007784,UBAHUNAITA18,1
10007784,UBAHUNANOR18,1
10007784,UBAHUNAPOL18,1
10007784,UBAHUNAPOR18,1
10007784,UBAHUNAROM18,1
10007784,UBAHUNARUS18,1
10007784,UBAHUNASPA18,1
10007784,UBAHUNASRB18,1
10007784,UBAHUNASWE18,1
10007784,UBAHUNAUKR18,1
10007784,UBAHUNAYID18,1
10007784,UBAITAAHAR18,1
10007784,UBAITAAJEW18,1
10007784,UBAITAAPHI18,1
10007784,UBAITAAPOL18,1
10007784,UBAITAAROM18,1
10007784,UBAITAARUS18,1
10007784,UBAITAASRB18,1
10007784,UBAITAAUKR18,1
10007784,UBAITAAYID18,1
10007784,UBAITAWFLM18,1
10007784,UBALNGSANA18,1
10007784,UBALNGSANC18,1
10007784,UBALNGSCLT18,1
10007784,UBAMEDUCCM20,1
10007784,UBANORAPOL18,1
10007784,UBANORAROM18,1
10007784,UBANORARUS18,1
10007784,UBANORASRB18,1
10007784,UBANORAUKR18,1
10007784,UBANORAYID18,1
10007784,UBAPHIAECO18,1
10007784,UBAPHIAHAR18,1
10007784,UBAPLSAEEA18,1
10007784,UBAPLSAEES18,1
10007784,UBAPOLAPOR18,1
10007784,UBAPOLAROM18,1
10007784,UBAPOLARUS18,1
10007784,UBAPOLASPA18,1
10007784,UBAPOLASRB18,1
10007784,UBAPOLASWE18,1
10007784,UBAPOLAUKR18,1
10007784,UBAPOLAYID18,1
10007784,UBAPSHAEES18,1
10007784,UBAROMAEES18,1
10007784,UBAROMAPOR18,1
10007784,UBAROMARUS18,1
10007784,UBAROMASPA18,1
10007784,UBAROMASRB18,1
10007784,UBAROMASWE18,1
10007784,UBAROMAUKR18,1
10007784,UBAROMAYID18,1
10007784,UBARUSAHSE18,1
10007784,UBARUSAPOR18,1
10007784,UBARUSASPA18,1
10007784,UBARUSASRB18,1
10007784,UBARUSASWE18,1
10007784,UBARUSAUKR18,1
10007784,UBARUSSING18,1
10007784,UBARUSWEEL18,1
10007784,UBASCAAHAR18,1
10007784,UBASCAAHIS18,1
10007784,UBASCAAPHI18,1
10007784,UBASCAWFLM18,1
10007784,UBASERAEES18,1
10007784,UBASPAAHAR18,1
10007784,UBASPAALAS18,1
10007784,UBASPAAPHI18,1
10007784,UBASPAAUKR18,1
10007784,UBASPAAYID18,1
10007784,UBASPAWFLM18,1
10007784,UBASRBAPOR18,1
10007784,UBASRBASPA18,1
10007784,UBASRBASWE18,1
10007784,UBASRBAUKR18,1
10007784,UBASRBAYID18,1
10007784,UBASWEAYID18,1
10007784,UBAUKRAEES18,1
10007784,UBAUKRAPOR18,1
10007784,UBAUKRASWE18,1
10007784,UBAUKRAYID18,1
10007784,UBSARCSAIA18,1
10007784,UBSARCSAIS18,1
10007784,UBSARLSING18,1
10007784,UBSCHEWMAN18,1
10007784,UBSCHEWMAT18,1
10007784,UBSGLOSHST18,1
10007784,UBSHPSSING18,1
10007784,UBSIFCAIMM18,1
10007784,UBSINFSBUS18,1
10007784,UBSINFSING18,1
10007784,UBSMANSING18,1
10007784,UBSMATWLAN18,1
10007784,UBSMEDSAPP18,1
10007784,UBSPPESING18,1
10007784,UBSPSYWEDU18,1
10007784,UBSSBESING18,1
10007784,UBSSCESSOC18,1
10007784,UBSSCIASOC18,1
10007784,UBSSECSING18,1
10007784,UBSSTASSEL18,1
10007784,UFMMECWBFN22,1
10007784,UMNENGAARD18,1
10007784,UMNMECWBFN18,1
10007784,UMNSBESING18,1
10007784,UMSARCSING19,1
10007784,UMSBOCSING18,1
10007784,UMSCHESINT18,1
10007784,UMSCHEWMAN18,1
10007784,UMSCHEWMAT18,1
10007784,UMSCPMSING18,1
10007784,UMSMANSING18,1
10007784,UMSMATWLAN18,1
10007784,UMSPSYALAN18,1
10007784,UMSPSYSING18,1
10007791,10013,1
10007791,10016,1
10007791,10044,1
10007791,10045,1
10007791,10189,1
10007791,10226,1
10007791,10375,1
10007791,10516,1
10007791,10517,1
10007791,10518,1
10007791,10519,1
10007791,10520,1
10007791,10525,1
10007791,10526,1
10007791,10527,1
10007791,10533,1
10007791,10536,1
10007791,10540,1
10007791,10542,1
10007791,10543,1
10007791,10549,1
10007791,10550,1
10007791,10551,1
10007791,10552,1
10007791,10553,1
10007791,10554,1
10007791,10555,1
10007791,10558,1
10007791,10562,1
10007791,10563,1
10007791,10640,1
10007791,10642,1
10007791,10644,1
10007791,10727,1
10007791,10731,1
10007791,10732,1
10007791,10733,1
10007791,10743,1
10007791,10745,1
10007791,10761,1
10007791,10763,1
10007791,10770,1
10007791,10788,1
10007791,10790,1
10007791,10816,1
10007791,10837,1
10007791,10838,1
10007791,10842,1
10007791,10843,1
10007791,10850,1
10007791,10852,1
10007791,10856,1
10007791,10864,1
10007791,10865,1
10007791,10867,1
10007791,10868,1
10007791,10869,1
10007791,10870,1
10007791,10875,1
10007791,10876,1
10007791,10879,1
10007791,10880,1
10007791,10881,1
10007791,10882,1
10007791,10886,1
10007791,10890,1
10007791,10891,1
10007791,10899,1
10007791,10900,1
10007791,10901,1
10007791,10902,1
10007791,10904,1
10007791,10906,1
10007791,10907,1
10007791,10908,1
10007791,10909,1
10007791,10912,1
10007791,10913,1
10007791,10914,1
10007791,12025,1
10007791,12026,1
10007791,13014,1
10007791,13015,1
10007791,13679,1
10007791,13694,1
10007791,13696,1
10007791,13697,1
10007791,13698,1
10007791,13702,1
10007791,13725,1
10007791,13726,1
10007791,13811,1
10007791,13932,1
10007791,13933,1
10007791,13934,1
10007791,13935,1
10007791,13936,1
10007791,13937,1
10007791,13941,1
10007791,13988,1
10007791,13993,1
10007791,13994,1
10007791,14177,1
10007791,14283,1
10007791,14285,1
10007791,14287,1
10007791,14289,1
10007791,14291,1
10007791,14415,1
10007791,14444,1
10007791,14568,1
10007791,14569,1
10007791,14570,1
10007791,14596,1
10007791,14597,1
10007791,14598,1
10007791,14650,1
10007791,14651,1
10007791,14921,1
10007791,14922,1
10007791,14925,1
10007791,14956,1
10007791,14957,1
10007791,14958,1
10007791,14965,1
10007791,14967,1
10007791,14968,1
10007791,14969,1
10007791,14970,1
10007791,15066,1
10007791,15067,1
10007791,15068,1
10007791,15329,1
10007791,15330,1
10007791,15332,1
10007791,15495,1
10007792,UFF3CA_Y003,1
10007792,UFS3BIOGOACB_BCL0,1
10007792,UFS3EMSSHS01_BC03,1
10007792,UFS3SHSSHS02_B400,1
10007792,UFX4BIOBIOCB_C151,1
10007792,UFX4BIOBIOCE_CF16,1
10007792,UFX4BIOBIOCF_BCL3,1
10007794,A100-2100,1
10007794,CG81-2208,1
10007794,CG83-2208,1
10007794,D100-2104,1
10007794,FG11-2207,1
10007794,FG11-2208,1
10007794,FG5D-2207,1
10007794,FG81-2208,1
10007794,FG83-2208,1
10007794,FGJ1-2207,1
10007794,FGM1-2208,1
10007794,G101-2207,1
10007794,G102-2000,1
10007794,G302-2207,1
10007794,G408-2207,1
10007794,GF14-2208,1
10007794,GG34-2208,1
10007794,GG4C-2207,1
10007794,GGC3-2208,1
10007794,GGH1-2207,1
10007794,GGK1-2208,1
10007794,GGM1-2000,1
10007794,GL11-2308,1
10007794,GL31-2208,1
10007794,GN33-2208,1
10007794,GN34-2208,1
10007794,GQ12-2000,1
10007794,GQ15-2000,1
10007794,GQ16-2000,1
10007794,GQ18-2000,1
10007794,GQC5-2000,1
10007794,GR11-2034,1
10007794,GR12-2034,1
10007794,GR13-2034,1
10007794,GR15-2034,1
10007794,GR17-2034,1
10007794,GV11-2000,1
10007794,GV14-2000,1
10007794,GV15-2000,1
10007794,GV16-2000,1
10007794,GVC2-2000,1
10007794,GVC3-2000,1
10007794,GVD5-2208,1
10007794,GW13-2000,1
10007794,GW14-2000,1
10007794,HH37-2200,1
10007794,HHJ7-2204,1
10007794,J750-2200,1
10007794,L202A-2308,1
10007794,L2G3-2308,1
10007794,L300A-2308,1
10007794,L430A-2308,1
10007794,LG11-2308,1
10007794,LG1D-2208,1
10007794,LG21-2308,1
10007794,NG21-2208,1
10007794,NG3C-2208,1
10007794,NG4C-2208,1
10007794,QG3C-2000,1
10007794,QG3D-2000,1
10007794,QG51-2000,1
10007794,R900A-2308,1
10007794,RG41-2034,1
10007794,V300A-2308,1
10007794,VG31-2308,1
10007796,CRWFS,1
10007796,PSSAP,1
10007798,16,1
10007798,17,1
10007798,155,1
10007798,216,1
10007798,220,1
10007798,294,1
10007798,313,1
10007798,386,1
10007798,399,1
10007798,403,1
10007798,2013479,1
10007798,2013487,1
10007798,2013509,1
10007798,2013510,1
10007798,2013511,1
10007798,2013512,1
10007798,2013513,1
10007798,2013514,1
10007798,2013515,1
10007798,2013516,1
10007798,2013517,1
10007798,2013520,1
10007798,2571135,1
10007798,2571141,1
10007798,2571143,1
10007798,2571150,1
10007798,2571153,1
10007798,2571155,1
10007798,2571163,1
10007798,2571406,1
10007798,2571407,1
10007798,2571408,1
10007798,2571410,1
10007799,objid50010829,1
10007807,1182,1
10007807,1449,1
10007807,1455,1
10007807,1501,1
10007807,1510,1
10007807,2735,1
10007807,3005,1
10007807,3417,1
10007807,3456,1
10007807,3490,1
10007807,3530,1
10007807,3834,1
10007807,3842,1
10007807,3905,1
10007807,3937,1
10007807,4006,1
10007807,4020,1
10007807,4031,1
10007807,4248,1
10007807,5900,1
10007807,5901,1
10007807,6111,1
10007807,6160,1
10007807,6245,1
10007807,6562,1
10007807,6563,1
10007807,7072,1
10007807,7124,1
10007807,7138,1
10007807,7233,1
10007807,7459,1
10007807,7680,1
10007807,7691,1
10007807,7832,1
10007807,7896,1
10007807,7976,1
10007807,8136,1
10007807,8143,1
10007807,8144,1
10007807,8145,1
10007807,8185,1
10007807,8220,1
10007807,8221,1
10007807,8224,1
10007807,8229,1
10007807,8232,1
10007807,8239,1
10007807,8241,1
10007807,8254,1
10007807,8257,1
10007807,8258,1
10007807,8260,1
10007807,8262,1
10007807,8268,1
10007807,8276,1
10007807,8276,1
10007807,8283,1
10007807,8511,1
10007807,8532,1
10007807,8557,1
10007807,8593,1
10007807,8603,1
10007807,8606,1
10007807,8610,1
10007807,8646,1
10007807,8674,1
10007807,8704,1
10007807,8727,1
10007807,8749,1
10007814,UFBSBCYK,1
10007814,UFBSBLZA,1
10007814,UFBSBLZC,1
10007814,UFMHBCYA,1
10007814,UFMHBCYB,1
10007814,UFMJBSCB,1
10007814,UFMKBMSB,1
10007814,UFMONEUB,1
10007825,UBARTDDAP,1
10007825,UBARTPRAR,1
10007825,UBMUSMUSI,1
10007832,BAS3CRXX14F,1
10007832,BAS3PLCE1NWF,1
10007832,BAS4CRXX17F,1
10007832,BSS4FPXX18F,1
10007833,K23-AAFSNG,1
10007833,K23-BAMSNG,1
10007833,K23-BHMSNG,1
10007833,K23-INBSNG,1
10007833,K23-ITHSNG,1
10007833,K23-LBUSNG,1
10007833,K23-MHWSNG,1
10007833,K23-MKBSNG,1
10007833,K23-SIRSNG,1
10007833,K23-SQSSNG,1
10007835,BMC,1
10007835,BMJ,1
10007835,BMS,1
10007842,UBFCUOCACOSC0,1
10007842,UBFCUOCACOSC1,1
10007842,UBFCUOCACOSC3,1
10007842,UBFCUOCCRAPS0,1
10007842,UBFCUOCCRAPS3,1
10007842,UBFCUOCENVSC0,1
10007842,UBFCUOCENVSC3,1
10007842,UBFCUOCFRSMG0,1
10007842,UBFCUOCFRSMG1,1
10007842,UBFCUOCGEOGR0,1
10007842,UBFCUOCGEOGR3,1
10007842,UBFCUOCMARFR0,1
10007842,UBFCUOCODAES3,1
10007842,UBFCUOCPSYCH0,1
10007842,UBFCUOCPSYCH3,1
10007842,UBFCUOCPSYCP0,1
10007842,UBFCUOCPSYCP3,1
10007842,UBFCUOCWODCO0,1
10007842,UBFCUOCWODCO1,1
10007842,UBFCUOCWODCO3,1
10007850,UUUED-V100~UHED-AFB20,1
10007850,UUUEE-Q140~UEEE-AFB24,1
10007850,UUUEE-Q141~UEEE-AKB24,1
10007850,UUUEE-Q142~UEEE-AFM24,1
10007850,UUUEE-Q150~UEEE-AFB25,1
10007850,UUUEE-Q151~UEEE-AKB25,1
10007850,UUUEE-Q152~UEEE-AFM25,1
10007850,UUUEE-Q153~UEEE-AKM25,1
10007850,UUUME-T110~UEME-AFB51,1
10007850,UUUME-T111~UEME-AKB51,1
10007850,UUUME-T112~UEME-AFM51,1
10007850,UUUME-T120~UEME-AFB52,1
10007850,UUUME-T121~UEME-AKB52,1
10007850,UUUME-T130~UEME-AFB53,1
10007850,UUUME-T131~UEME-AKB53,1
10007850,UUUME-T132~UEME-AFM53,1
10007850,UUUME-T140~UEME-AFB54,1
10007850,UUUME-T141~UEME-AKB54,1
10007850,UUUME-T142~UEME-AFM54,1
10007850,UUUME-T143~UEME-AKM54,1
10007850,UUUPS-F111~UHPS-AKB10,1
10007852,A100,1
10007852,B142,1
10007852,B210,1
10007852,B211,1
10007852,B900,1
10007852,B901,1
10007852,B9C1,1
10007852,C100,1
10007852,C101,1
10007852,C431,1
10007852,C500,1
10007852,W100,1
10007852,W210,1
10007852,W720,1
10007852,WG24,1
10007854,W231,1
10007854,W232,1
10007855,BAHA3XXTCYMS,1
10007855,BAHA3XXTENLACYM,1
10007855,BAHA3XXTHIHACYM,1
10007855,BAHA3XXTSCEACYM,1
10007855,BAHA3XXXAMEAHIH,1
10007855,BAHA3XXXAMEAPOL,1
10007855,BAHA3XXXAMES,1
10007855,BAHA3XXXCYMS,1
10007855,BAHA3XXXENLACYM,1
10007855,BAHA3XXXHIHACYM,1
10007855,BAHA3XXXHIHAPOL,1
10007855,BAHA3XXXPOIAAME,1
10007855,BAHA3XXXPOIAHIH,1
10007855,BAHA3XXXPOIS,1
10007855,BAHA3XXXPOLAPOI,1
10007855,BAHA3XXXPOLASPO,1
10007855,BAHA3XXXPOYS,1
10007855,BAHA3XXXSCHS,1
10007855,BAHA4FXFAMES,1
10007855,BAHA4FXFPOIS,1
10007855,BAHA4FXFPOLS,1
10007855,BAHA4XIIAMEAHIH,1
10007855,BAHA4XIIAMES,1
10007855,BAHA4XIICYMS,1
10007855,BAHA4XIIENLACYM,1
10007855,BAHA4XIIENLACYM2,1
10007855,BAHA4XIIHIHACYM,1
10007855,BAHA4XIIHIHACYM2,1
10007855,BAHA4XIIHUPS,1
10007855,BAHA4XIIMLCS,1
10007855,BAHA4XIIPOIAAME,1
10007855,BAHA4XIIPOIAHIH,1
10007855,BAHA4XIIPOIS,1
10007855,BAHA4XIIPOLAPOI,1
10007855,BAHA4XIIPOLASPO,1
10007855,BAHA4XIIPOLS,1
10007855,BAHA4XIIPOYS,1
10007855,BAHA4XIISCEACYM,1
10007855,BAHA4XIISCHS,1
10007855,BAHA4XILCYMS,1
10007855,BAHA4XSSAMEAHIH,1
10007855,BAHA4XSSAMEAPOL,1
10007855,BAHA4XSSAMES,1
10007855,BAHA4XSSENLACYM,1
10007855,BAHA4XSSENLACYM2,1
10007855,BAHA4XSSENLAFRE,1
10007855,BAHA4XSSENLAGRM,1
10007855,BAHA4XSSENLAHSS,1
10007855,BAHA4XSSFREAHIH,1
10007855,BAHA4XSSGRMAHIH,1
10007855,BAHA4XSSHIHACYM,1
10007855,BAHA4XSSHIHACYM2,1
10007855,BAHA4XSSHIHAHSS,1
10007855,BAHA4XSSHIHAPOL,1
10007855,BAHA4XSSHUPS,1
10007855,BAHA4XSSMLLS,1
10007855,BAHA4XSSMLLWEDU,1
10007855,BAHA4XSSPOIAAME,1
10007855,BAHA4XSSPOIAHIH,1
10007855,BAHA4XSSPOIS,1
10007855,BAHA4XSSPOIWFRE,1
10007855,BAHA4XSSPOIWGRM,1
10007855,BAHA4XSSPOIWHSS,1
10007855,BAHA4XSSPOLAPOI,1
10007855,BAHA4XSSPOLASPO,1
10007855,BAHA4XSSPOLS,1
10007855,BAHA4XSSPOYS,1
10007855,BAHA4XSSSCEACYM,1
10007855,BAHA4XSSSCHS,1
10007855,BAHA4XSSSCTS,1
10007855,BAHH3XXTEDTACYM,1
10007855,BAHH3XXXEDTACYM,1
10007855,BAHH4XSSEDTACYM,1
10007855,BAHH4XSSEDTACYM2,1
10007855,BEHE3XXXEGHS,1
10007855,BEHE3XXXEGVS,1
10007855,BEHE3XXXMECS,1
10007855,BEHE4FXFEGHS,1
10007855,BEHE4FXFEGVS,1
10007855,BEHE4FXFFEGS,1
10007855,BEHE4XIIEGHS,1
10007855,BEHE4XIIEGVS,1
10007855,BEHE4XSSEGAS,1
10007855,BEHE4XSSEGBS,1
10007855,BEHE4XSSEGHS,1
10007855,BEHE4XSSEGVS,1
10007855,BEHE4XSSMECYS,1
10007855,BSHA3XXXALIS,1
10007855,BSHA3XXXPPLS,1
10007855,BSHA4XIIALIS,1
10007855,BSHA4XIIPPLS,1
10007855,BSHA4XSSALIS,1
10007855,BSHA4XSSPPLS,1
10007855,BSHB3XXXAFAS,1
10007855,BSHB3XXXEBACS,1
10007855,BSHB3XXXEBGIS,1
10007855,BSHB3XXXEBITS,1
10007855,BSHB3XXXECABS,1
10007855,BSHB3XXXECAFS,1
10007855,BSHB4FXFAFAS,1
10007855,BSHB4FXFAFFS,1
10007855,BSHB4FXFEBACS,1
10007855,BSHB4FXFEBGIS,1
10007855,BSHB4FXFECABS,1
10007855,BSHB4FXFECAFS,1
10007855,BSHB4FXFECRS,1
10007855,BSHB4XIIAFAS,1
10007855,BSHB4XIIAFFS,1
10007855,BSHB4XIIEBGIS,1
10007855,BSHB4XIIEBITS,1
10007855,BSHB4XIIECABS,1
10007855,BSHB4XIIECAFS,1
10007855,BSHB4XIIECRS,1
10007855,BSHB4XSSAFAS,1
10007855,BSHB4XSSAFFS,1
10007855,BSHB4XSSEBACS,1
10007855,BSHB4XSSEBGIS,1
10007855,BSHB4XSSEBITS,1
10007855,BSHB4XSSECABS,1
10007855,BSHB4XSSECAFS,1
10007855,BSHB4XSSECRS,1
10007855,BSHD3XFXSHRDSZ,1
10007855,BSHD3XHXSHMES,1
10007855,BSHD3XHXSHNMS,1
10007855,BSHD3XHXSHRPS,1
10007855,BSHD3XXXEDTAPSYB,1
10007855,BSHD3XXXPPSAPSS,1
10007855,BSHD3XXXSSWS,1
10007855,BSHH4FXFPPSAPSS,1
10007855,BSHH4XSSPPSAPSS,1
10007855,BSHM3BMXSHDAMS,1
10007855,BSHM3BXXSHLDS,1
10007855,BSHS3XXXBIMS,1
10007855,BSHS3XXXCSCS,1
10007855,BSHS3XXXCSFS,1
10007855,BSHS3XXXCSLS,1
10007855,BSHS3XXXMASS,1
10007855,BSHS3XXXMAUS,1
10007855,BSHS3XXXPHTS,1
10007855,BSHS3XXXPHYS,1
10007855,BSHS3XXXPSSS,1
10007855,BSHS4FXFMASS,1
10007855,BSHS4FXFMAUS,1
10007855,BSHS4FXFPHYS,1
10007855,BSHS4FXFPSSS,1
10007855,BSHS4XIIBIMS,1
10007855,BSHS4XIICSFS,1
10007855,BSHS4XIICSFS,1
10007855,BSHS4XIICSLS,1
10007855,BSHS4XIIMASS,1
10007855,BSHS4XIIMAUS,1
10007855,BSHS4XIIPHTS,1
10007855,BSHS4XIIPHYS,1
10007855,BSHS4XRABIMS,1
10007855,BSHS4XSSBIMS,1
10007855,BSHS4XSSCSCS,1
10007855,BSHS4XSSCSFS,1
10007855,BSHS4XSSCSLS,1
10007855,BSHS4XSSMASS,1
10007855,BSHS4XSSMAUS,1
10007855,BSHS4XSSPHYS,1
10007855,LLHB2XXXLANS,1
10007855,LLHB3XXXLABS,1
10007855,LLHB3XXXLAWS,1
10007855,LLHB4FXFLALS,1
10007855,LLHB4FXFLALWSSX,1
10007855,MEHE4XX4EGAS,1
10007855,MEHE4XX4EGHS,1
10007855,MEHE5SINEGAS,1
10007855,MEHE5SINEGBS,1
10007855,MEHE5SINEGHS,1
10007855,MEHE5SINMECS,1
10007855,MEHE5XS5EGAS,1
10007855,MEHE5XS5EGBS,1
10007855,MEHE5XS5EGHS,1
10007855,MEHE5XS5MECS,1
10007855,MEHS4XX4CSPS,1
10007855,MEHS5SINCSPS,1
10007855,MEHS5XS5CSPS,1
10007855,MFHS4XX4PHTS,1
10007855,MFHS4XX4PHYS,1
10007855,MFHS5SINPHTS,1
10007855,MFHS5SINPHYS,1
10007855,MFHS5XS5PHYS,1
10007855,MIHS5SINCSCS,1
10007855,MIHS5XS5CSCS,1
10007856,BA_064W,1
10007856,BA_1FRL,1
10007856,BA_22LR,1
10007856,BA_234W,1
10007856,BA_27LF,1
10007856,BA_34PW,1
10007856,BA_37LF,1
10007856,BA_42WL,1
10007856,BA_FQ73,1
10007856,BA_GQ15,1
10007856,BA_GR11,1
10007856,BA_GV11,1
10007856,BA_GW14,1
10007856,BA_GW16,1
10007856,BA_P3W4,1
10007856,BA_QR31,1
10007856,BA_QW34,1
10007856,BA_QW52,1
10007856,BA_R120,1
10007856,BA_R401,1
10007856,BA_R990,1
10007856,BA_RR12,1
10007856,BA_RR14,1
10007856,BA_RR24,1
10007856,BA_RR31,1
10007856,BA_RR32,1
10007856,BA_RR43,1
10007856,BA_RV21,1
10007856,BA_RW14,1
10007856,BA_RW16,1
10007856,BA_RW44,1
10007856,BA_W400,1
10007856,BA_W402,1
10007856,BA_W40F,1
10007856,BA_W470,1
10007856,BA_W841,1
10007856,BA_WQ44,1
10007856,BA_WR81,1
10007856,BA_WV41,1
10007856,BA_WW48,1
10007856,BA_WW64,1
10007856,BA_WX43,1
10007856,BENG_132A,1
10007856,BENG_132B,1
10007856,BENG_179G,1
10007856,BENG_179H,1
10007856,BENG_G600,1
10007856,BSC_13GG,1
10007856,BSC_4D12,1
10007856,BSC_53C8,1
10007856,BSC_7G73,1
10007856,BSC_7G74,1
10007856,BSC_A1C6,1
10007856,BSC_C120,1
10007856,BSC_C122,1
10007856,BSC_C12F,1
10007856,BSC_C164,1
10007856,BSC_C166,1
10007856,BSC_C16F,1
10007856,BSC_C180,1
10007856,BSC_C181,1
10007856,BSC_C183,1
10007856,BSC_C184,1
10007856,BSC_C194,1
10007856,BSC_C195,1
10007856,BSC_C200,1
10007856,BSC_C202,1
10007856,BSC_C300,1
10007856,BSC_C301,1
10007856,BSC_C302,1
10007856,BSC_C500,1
10007856,BSC_C502,1
10007856,BSC_C800,1
10007856,BSC_C802,1
10007856,BSC_C803,1
10007856,BSC_C80F,1
10007856,BSC_C843,1
10007856,BSC_CM89,1
10007856,BSC_CX80,1
10007856,BSC_D306,1
10007856,BSC_D307,1
10007856,BSC_D322,1
10007856,BSC_D323,1
10007856,BSC_D334,1
10007856,BSC_D335,1
10007856,BSC_D401,1
10007856,BSC_D4D3,1
10007856,BSC_D4N2,1
10007856,BSC_D906,1
10007856,BSC_D907,1
10007856,BSC_F300,1
10007856,BSC_F301,1
10007856,BSC_F304,1
10007856,BSC_F340,1
10007856,BSC_F364,1
10007856,BSC_F510,1
10007856,BSC_F512,1
10007856,BSC_F640,1
10007856,BSC_F642,1
10007856,BSC_F643,1
10007856,BSC_F64F,1
10007856,BSC_F800,1
10007856,BSC_F801,1
10007856,BSC_F802,1
10007856,BSC_F803,1
10007856,BSC_F80F,1
10007856,BSC_F840,1
10007856,BSC_F845,1
10007856,BSC_F846,1
10007856,BSC_F84F,1
10007856,BSC_F8X3,1
10007856,BSC_FC71,1
10007856,BSC_FC72,1
10007856,BSC_FG31,1
10007856,BSC_FG34,1
10007856,BSC_FG81,1
10007856,BSC_FG84,1
10007856,BSC_FH56,1
10007856,BSC_FL71,1
10007856,BSC_FN71,1
10007856,BSC_G100,1
10007856,BSC_G10F,1
10007856,BSC_G10N,1
10007856,BSC_G130,1
10007856,BSC_G1N3,1
10007856,BSC_G1NF,1
10007856,BSC_G1X3,1
10007856,BSC_G400,1
10007856,BSC_G401,1
10007856,BSC_G406,1
10007856,BSC_G40F,1
10007856,BSC_G450,1
10007856,BSC_G451,1
10007856,BSC_GG14,1
10007856,BSC_GG47,1
10007856,BSC_GG4R,1
10007856,BSC_GGC3,1
10007856,BSC_GH76,1
10007856,BSC_GH7P,1
10007856,BSC_GL91,1
10007856,BSC_GN11,1
10007856,BSC_GN94,1
10007856,BSC_GX13,1
10007856,BSC_H21Y,1
10007856,BSC_H602,1
10007856,BSC_H603,1
10007856,BSC_H60F,1
10007856,BSC_LC38,1
10007856,BSC_N1FW,1
10007856,BSC_N310,1
10007856,BSC_N31F,1
10007856,BSC_N400,1
10007856,BSC_N40F,1
10007856,BSC_N4L1,1
10007856,BSC_N4N1,1
10007856,BSC_N800,1
10007856,BSC_N80F,1
10007856,BSC_N870,1
10007856,BSC_N8N5,1
10007856,BSC_NC18,1
10007856,BSC_NC58,1
10007856,BSC_NG34,1
10007856,BSC_NR11,1
10007856,BSC_NR12,1
10007856,BSC_NR44,1
10007856,BSC_NR59,1
10007856,BSC_NR84,1
10007856,BSC_RN44,1
10007856,BSC_WF7F,1
10007856,LLB_MN14,1
10007856,LLB_RM11,1
10007856,LLB_RM21,1
10007856,MAG_D404,1
10007856,MAG_D4D4,1
10007856,MBIOL_C169,1
10007856,MBIOL_C309,1
10007856,MBIOL_C509,1
10007856,MCOMP_G409,1
10007856,MCOMP_G419,1
10007856,MENG_132C,1
10007856,MENG_132D,1
10007856,MENG_168F,1
10007856,MENG_G601,1
10007856,MMATH_F341,1
10007856,MMATH_G103,1
10007856,MPHYS_F303,1
10007856,MPHYS_F305,1
10007856,MPHYS_F366,1
10007856,MPHYS_F511,1
10007857,BN_ADTN,1
10007857,BN_ADTNDL,1
10007857,BN_CHN,1
10007857,BN_CHNDL,1
10007857,BN_LDN,1
10007857,BSC_PH,1
10007857,BSC_PHF,1
10007858,KIS-LAWABU,1
10007858,KIS-LAWAPUS,1
10007858,KIS-LLPRSH,1
10014001,IDHTSGLEU-Y,1
10014001,WATNSGLEU-Y,1
10014001,WCDNSGLEU-Y,1
10080811,BAHEIHBX,1
10080811,BAHEIHBXF,1
10080811,BSHAATPX,1
10080811,BSHAATPXF,1
10080811,BSHABVSV,1
10080811,BSHABVSX,1
10080811,BSHABVSXF,1
10080811,BSHACTPX,1
10080811,BSHACTPXF,1
10080811,BSHEEBWX,1
10080811,BSHEEBWXF,1
10080811,BSHEEPRX,1
10080811,BSHEEPRXF,1
10080811,BSHEESXXF,1
10080811,BSHERPRX,1
10080811,BSHERPRXF,1
10080811,BSHSSENX,1
10080811,BSHSSENXF,1
10080811,BSHSSESX,1
10080811,BSHSSESXF,1
10080811,MSIEESXX,1